;index;Class;Code;Price;SalesUnit;Weight;WeightUnit;Length;Height;Width;Thickness;Diameter;Name;ShortDescription;Description;SmallImageURL;ImageURL;Material;Co2Em;CVCF;Waste Factor;Reuse;Recycled;Energy Recovery;Final Disposal;Hazardous Waste;Recycled Share
17;104;Metal sheets;KU10304;1542.09.00;piece;160;piece;1000;;2000.00.00;10.00;;Kuumavalssattu 1D RST levy 10.0x1000x2000mm;"Materiaali: Kuumavalssattu 1DRST AISI304

Koko: 1000x2000mm

Paksuus: 10.0mm";"Materiaali: Kuumavalssattu 1D HST AISI316L

Koko: 1000x2000mm

Paksuus: 10.0mm

Paino: 160kg/kpl

Materiaali: Kuumavalssattu 1D HST AISI316LKoko: 1500x3000mmPaksuus: 10.0mmPaino: 360kg/kplKäyttö esim. julkisivut, hissit, kaupat jne1D = Kuumavalssattu, lämpökäsitelty ja peitattu. Pinnanlaatu hilseetön.Tavallinen pinnanlaatu useimmille teräksille haluttaessa hyvää korroosionkestävyyttä. Myös yleinen pinnanlaatu jatkojalostukseen. Hiontajäljet ovat sallittuja. Ei yhtä siisti kuin 2D tai 2B.";https://www.cronvall.fi/WebRoot/Cronvall/Shops/CronvallShop/5E6B/4779/226A/9842/58A2/0A28/105F/5193/RST-levy-cronvall_s.jpg;https://www.cronvall.fi/WebRoot/Cronvall/Shops/CronvallShop/5E6B/4779/226A/9842/58A2/0A28/105F/5193/RST-levy-cronvall_m.jpg;Non-rusting steel;4.10;1.20;1.03;0;95;0;5;0;65
18;105;Metal sheets;KU10304M;3471.04.00;piece;360;piece;1500;;3000.00.00;10.00;;Kuumavalssattu 1D RST levy 10.0x1500x3000mm;"Materiaali: Kuumavalssattu 1DRST AISI304

Koko: 1500x3000mm

Paksuus: 10.0mm";"Materiaali: Kuumavalssattu 1D HST AISI316L

Koko: 1500x3000mm

Paksuus: 10.0mm

Paino: 360kg/kpl

Materiaali: Kuumavalssattu 1D HST AISI316LKoko: 1500x3000mmPaksuus: 10.0mmPaino: 360kg/kplKäyttö esim. julkisivut, hissit, kaupat jne1D = Kuumavalssattu, lämpökäsitelty ja peitattu. Pinnanlaatu hilseetön.Tavallinen pinnanlaatu useimmille teräksille haluttaessa hyvää korroosionkestävyyttä. Myös yleinen pinnanlaatu jatkojalostukseen. Hiontajäljet ovat sallittuja. Ei yhtä siisti kuin 2D tai 2B.";https://www.cronvall.fi/WebRoot/Cronvall/Shops/CronvallShop/5E6B/47E8/08B4/4BC3/967C/0A28/105F/51EC/RST-levy-cronvall_s.jpg;https://www.cronvall.fi/WebRoot/Cronvall/Shops/CronvallShop/5E6B/47E8/08B4/4BC3/967C/0A28/105F/51EC/RST-levy-cronvall_m.jpg;Non-rusting steel;4.10;1.20;1.03;0;95;0;5;0;65
19;106;Metal sheets;KU12304M;4165.07.00;piece;432;piece;1500;;3000.00.00;12.00;;Kuumavalssattu 1D RST levy 12.0x1500x3000mm;"Materiaali: Kuumavalssattu 1DRST AISI304

Koko: 1500x3000mm

Paksuus: 12.0mm";"Materiaali: Kuumavalssattu 1D HST AISI316L

Koko: 1500x3000mm

Paksuus: 12.0mm

Paino: 432kg/kpl

Materiaali: Kuumavalssattu 1D HST AISI316LKoko: 1500x3000mmPaksuus: 10.0mmPaino: 360kg/kplKäyttö esim. julkisivut, hissit, kaupat jne1D = Kuumavalssattu, lämpökäsitelty ja peitattu. Pinnanlaatu hilseetön.Tavallinen pinnanlaatu useimmille teräksille haluttaessa hyvää korroosionkestävyyttä. Myös yleinen pinnanlaatu jatkojalostukseen. Hiontajäljet ovat sallittuja. Ei yhtä siisti kuin 2D tai 2B.";https://www.cronvall.fi/WebRoot/Cronvall/Shops/CronvallShop/5E6B/4860/9343/B61D/DAAC/0A28/105F/555B/RST-levy-cronvall_s.jpg;https://www.cronvall.fi/WebRoot/Cronvall/Shops/CronvallShop/5E6B/4860/9343/B61D/DAAC/0A28/105F/555B/RST-levy-cronvall_m.jpg;Non-rusting steel;4.10;1.20;1.03;0;95;0;5;0;65
20;107;Metal sheets;KU15304M;5207.01.00;piece;540;piece;1500;;3000.00.00;15.00;;Kuumavalssattu 1D RST levy 15.0x1500x3000mm;"Materiaali: Kuumavalssattu 1DRST AISI304

Koko: 1500x3000mm

Paksuus: 15.0mm";"Materiaali: Kuumavalssattu 1D HST AISI316L

Koko: 1500x3000mm

Paksuus: 15.0mm

Paino: 540kg/kpl

Materiaali: Kuumavalssattu 1D HST AISI316LKoko: 1500x3000mmPaksuus: 10.0mmPaino: 360kg/kplKäyttö esim. julkisivut, hissit, kaupat jne1D = Kuumavalssattu, lämpökäsitelty ja peitattu. Pinnanlaatu hilseetön.Tavallinen pinnanlaatu useimmille teräksille haluttaessa hyvää korroosionkestävyyttä. Myös yleinen pinnanlaatu jatkojalostukseen. Hiontajäljet ovat sallittuja. Ei yhtä siisti kuin 2D tai 2B.";https://www.cronvall.fi/WebRoot/Cronvall/Shops/CronvallShop/5E6B/48BB/44C3/368A/2B01/0A28/105F/7441/RST-levy-cronvall_s.jpg;https://www.cronvall.fi/WebRoot/Cronvall/Shops/CronvallShop/5E6B/48BB/44C3/368A/2B01/0A28/105F/7441/RST-levy-cronvall_m.jpg;Non-rusting steel;4.10;1.20;1.03;0;95;0;5;0;65
21;108;Metal sheets;KU20304M;6942.09.00;piece;720;piece;1500;;3000.00.00;20.00;;Kuumavalssattu 1D RST levy 20.0x1500x3000mm;"Materiaali: Kuumavalssattu 1DRST AISI304

Koko: 1500x3000mm

Paksuus: 20.0mm";"Materiaali: Kuumavalssattu 1D HST AISI316L

Koko: 1500x3000mm

Paksuus: 20.0mm

Paino: 720kg/kpl

Materiaali: Kuumavalssattu 1D RST AISI304

Koko: 1500x3000mm

Paksuus: 10.0mm

Paino: 360kg/kpl

Käyttö esim. julkisivut, hissit, kaupat jne

1D = Kuumavalssattu, lämpökäsitelty ja peitattu. Pinnanlaatu hilseetön.

Tavallinen pinnanlaatu useimmille teräksille haluttaessa hyvää korroosionkestävyyttä. Myös yleinen pinnanlaatu jatkojalostukseen. Hiontajäljet ovat sallittuja. Ei yhtä siisti kuin 2D tai 2B.";https://www.cronvall.fi/WebRoot/Cronvall/Shops/CronvallShop/5E6B/49E5/AAEB/17AC/F28A/0A28/105F/74CE/RST-levy-cronvall_s.jpg;https://www.cronvall.fi/WebRoot/Cronvall/Shops/CronvallShop/5E6B/49E5/AAEB/17AC/F28A/0A28/105F/74CE/RST-levy-cronvall_m.jpg;Non-rusting steel;4.10;1.20;1.03;0;95;0;5;0;65
22;109;Metal sheets;KU30304J;723.02.00;piece;75;piece;1250;;2500.00.00;3.00;;Kuumavalssattu 1D RST levy 3.0x1250x2500mm;"Materiaali: Kuumavalssattu 1DRST AISI304

Koko: 1250x2500mm

Paksuus: 3.0mm";"Materiaali: Kuumavalssattu 1D HST AISI316L

Koko: 1250x2500mm

Paksuus: 3.0mm

Paino: 75kg/kpl

Materiaali: Kuumavalssattu 1D HST AISI316LKoko: 1500x3000mmPaksuus: 10.0mmPaino: 360kg/kplKäyttö esim. julkisivut, hissit, kaupat jne1D = Kuumavalssattu, lämpökäsitelty ja peitattu. Pinnanlaatu hilseetön.Tavallinen pinnanlaatu useimmille teräksille haluttaessa hyvää korroosionkestävyyttä. Myös yleinen pinnanlaatu jatkojalostukseen. Hiontajäljet ovat sallittuja. Ei yhtä siisti kuin 2D tai 2B.";https://www.cronvall.fi/WebRoot/Cronvall/Shops/CronvallShop/5E6B/42FB/861E/388D/6B43/0A28/105F/D62C/RST-levy-cronvall_s.jpg;https://www.cronvall.fi/WebRoot/Cronvall/Shops/CronvallShop/5E6B/42FB/861E/388D/6B43/0A28/105F/D62C/RST-levy-cronvall_m.jpg;Non-rusting steel;4.10;1.20;1.03;0;95;0;5;0;65
23;110;Metal sheets;KU30304M;1041.04.00;piece;108;piece;1500;;3000.00.00;3.00;;Kuumavalssattu 1D RST levy 3.0x1500x3000mm;"Materiaali: Kuumavalssattu 1DRST AISI304

Koko: 1500x3000mm

Paksuus: 3.0mm";"Materiaali: Kuumavalssattu 1D HST AISI316L

Koko: 1500x3000mm

Paksuus: 3.0mm

Paino: 108kg/kpl

Materiaali: Kuumavalssattu 1D HST AISI316LKoko: 1500x3000mmPaksuus: 10.0mmPaino: 360kg/kplKäyttö esim. julkisivut, hissit, kaupat jne1D = Kuumavalssattu, lämpökäsitelty ja peitattu. Pinnanlaatu hilseetön.Tavallinen pinnanlaatu useimmille teräksille haluttaessa hyvää korroosionkestävyyttä. Myös yleinen pinnanlaatu jatkojalostukseen. Hiontajäljet ovat sallittuja. Ei yhtä siisti kuin 2D tai 2B.";https://www.cronvall.fi/WebRoot/Cronvall/Shops/CronvallShop/5E6B/4397/3553/E430/37F7/0A28/105F/FF60/RST-levy-cronvall_s.jpg;https://www.cronvall.fi/WebRoot/Cronvall/Shops/CronvallShop/5E6B/4397/3553/E430/37F7/0A28/105F/FF60/RST-levy-cronvall_m.jpg;Non-rusting steel;4.10;1.20;1.03;0;95;0;5;0;65
24;111;Metal sheets;KU300304M;10414.3;piece;1080;piece;1500;;3000.00.00;30.00.00;;Kuumavalssattu 1D RST levy 30.0x1500x3000mm;"Materiaali: Kuumavalssattu 1DRST AISI304

Koko: 1500x3000mm

Paksuus: 30.0mm";"Materiaali: Kuumavalssattu 1D HST AISI316L

Koko: 1500x3000mm

Paksuus: 30.0mm

Paino: 1080kg/kpl

Materiaali: Kuumavalssattu 1D HST AISI316LKoko: 1500x3000mmPaksuus: 10.0mmPaino: 360kg/kplKäyttö esim. julkisivut, hissit, kaupat jne1D = Kuumavalssattu, lämpökäsitelty ja peitattu. Pinnanlaatu hilseetön.Tavallinen pinnanlaatu useimmille teräksille haluttaessa hyvää korroosionkestävyyttä. Myös yleinen pinnanlaatu jatkojalostukseen. Hiontajäljet ovat sallittuja. Ei yhtä siisti kuin 2D tai 2B.";https://www.cronvall.fi/WebRoot/Cronvall/Shops/CronvallShop/5E6B/4944/E705/F632/253C/0A28/105F/8A6E/RST-levy-cronvall_s.jpg;https://www.cronvall.fi/WebRoot/Cronvall/Shops/CronvallShop/5E6B/4944/E705/F632/253C/0A28/105F/8A6E/RST-levy-cronvall_m.jpg;Non-rusting steel;4.10;1.20;1.03;0;95;0;5;0;65
25;112;Metal sheets;KU40304M;1388.06.00;piece;144;piece;1500;;3000.00.00;4.00;;Kuumavalssattu 1D RST levy 4.0x1500x3000mm;"Materiaali: Kuumavalssattu 1DRST AISI304

Koko: 1500x3000mm

Paksuus: 4.0mm";"Materiaali: Kuumavalssattu 1D HST AISI316L

Koko: 1500x3000mm

Paksuus: 4.0mm

Paino: 144kg/kpl

Materiaali: Kuumavalssattu 1D HST AISI316LKoko: 1500x3000mmPaksuus: 10.0mmPaino: 360kg/kplKäyttö esim. julkisivut, hissit, kaupat jne1D = Kuumavalssattu, lämpökäsitelty ja peitattu. Pinnanlaatu hilseetön.Tavallinen pinnanlaatu useimmille teräksille haluttaessa hyvää korroosionkestävyyttä. Myös yleinen pinnanlaatu jatkojalostukseen. Hiontajäljet ovat sallittuja. Ei yhtä siisti kuin 2D tai 2B.";https://www.cronvall.fi/WebRoot/Cronvall/Shops/CronvallShop/5E6B/445F/A0BC/EDD2/A670/0A28/105F/B36C/RST-levy-cronvall_s.jpg;https://www.cronvall.fi/WebRoot/Cronvall/Shops/CronvallShop/5E6B/445F/A0BC/EDD2/A670/0A28/105F/B36C/RST-levy-cronvall_m.jpg;Non-rusting steel;4.10;1.20;1.03;0;95;0;5;0;65
26;113;Metal sheets;KU50304M;1735.07.00;piece;180;piece;1500;;3000.00.00;5.00;;Kuumavalssattu 1D RST levy 5.0x1500x3000mm;"Materiaali: Kuumavalssattu 1DRST AISI304

Koko: 1500x3000mm

Paksuus: 5.0mm";"Materiaali: Kuumavalssattu 1D HST AISI316L

Koko: 1500x3000mm

Paksuus: 5.0mm

Paino: 180kg/kpl

Materiaali: Kuumavalssattu 1D HST AISI316LKoko: 1500x3000mmPaksuus: 10.0mmPaino: 360kg/kplKäyttö esim. julkisivut, hissit, kaupat jne1D = Kuumavalssattu, lämpökäsitelty ja peitattu. Pinnanlaatu hilseetön.Tavallinen pinnanlaatu useimmille teräksille haluttaessa hyvää korroosionkestävyyttä. Myös yleinen pinnanlaatu jatkojalostukseen. Hiontajäljet ovat sallittuja. Ei yhtä siisti kuin 2D tai 2B.";https://www.cronvall.fi/WebRoot/Cronvall/Shops/CronvallShop/5E6B/44AE/AADE/F7CC/CBDE/0A28/105F/2FE1/RST-levy-cronvall_s.jpg;https://www.cronvall.fi/WebRoot/Cronvall/Shops/CronvallShop/5E6B/44AE/AADE/F7CC/CBDE/0A28/105F/2FE1/RST-levy-cronvall_m.jpg;Non-rusting steel;4.10;1.20;1.03;0;95;0;5;0;65
27;114;Metal sheets;KU60304M;2082.09.00;piece;216;piece;1500;;3000.00.00;6.00;;Kuumavalssattu 1D RST levy 6.0x1500x3000mm;"Materiaali: Kuumavalssattu 1DRST AISI304

Koko: 1500x3000mm

Paksuus: 6.0mm";"Materiaali: Kuumavalssattu 1D HST AISI316L

Koko: 1500x3000mm

Paksuus: 6.0mm

Paino: 216kg/kpl

Materiaali: Kuumavalssattu 1D HST AISI316LKoko: 1500x3000mmPaksuus: 10.0mmPaino: 360kg/kplKäyttö esim. julkisivut, hissit, kaupat jne1D = Kuumavalssattu, lämpökäsitelty ja peitattu. Pinnanlaatu hilseetön.Tavallinen pinnanlaatu useimmille teräksille haluttaessa hyvää korroosionkestävyyttä. Myös yleinen pinnanlaatu jatkojalostukseen. Hiontajäljet ovat sallittuja. Ei yhtä siisti kuin 2D tai 2B.";https://www.cronvall.fi/WebRoot/Cronvall/Shops/CronvallShop/5E6B/4534/7E31/528A/802C/0A28/105F/2F32/RST-levy-cronvall_s.jpg;https://www.cronvall.fi/WebRoot/Cronvall/Shops/CronvallShop/5E6B/4534/7E31/528A/802C/0A28/105F/2F32/RST-levy-cronvall_m.jpg;Non-rusting steel;4.10;1.20;1.03;0;95;0;5;0;65
28;115;Metal sheets;KU80304M;2777.01.00;piece;288;piece;1500;;3000.00.00;8.00;;Kuumavalssattu 1D RST levy 8.0x1500x3000mm;"Materiaali: Kuumavalssattu 1DRST AISI304

Koko: 1500x3000mm

Paksuus: 8.0mm";"Materiaali: Kuumavalssattu 1D HST AISI316L

Koko: 1500x3000mm

Paksuus: 8.0mm

Paino: 288kg/kpl

Materiaali: Kuumavalssattu 1D HST AISI316LKoko: 1500x3000mmPaksuus: 10.0mmPaino: 360kg/kplKäyttö esim. julkisivut, hissit, kaupat jne1D = Kuumavalssattu, lämpökäsitelty ja peitattu. Pinnanlaatu hilseetön.Tavallinen pinnanlaatu useimmille teräksille haluttaessa hyvää korroosionkestävyyttä. Myös yleinen pinnanlaatu jatkojalostukseen. Hiontajäljet ovat sallittuja. Ei yhtä siisti kuin 2D tai 2B.";https://www.cronvall.fi/WebRoot/Cronvall/Shops/CronvallShop/5E6B/46BA/CF6A/22F3/8B97/0A28/105F/513B/RST-levy-cronvall_s.jpg;https://www.cronvall.fi/WebRoot/Cronvall/Shops/CronvallShop/5E6B/46BA/CF6A/22F3/8B97/0A28/105F/513B/RST-levy-cronvall_m.jpg;Non-rusting steel;4.10;1.20;1.03;0;95;0;5;0;65
29;116;Metal sheets;500615;284.03.00;piece;24;piece;1000;;2000.00.00;1.05;;Kuviolevy 5WL 2R RST 1.5x1000x2000mm;"Levyn koko: 1000x2000mm

Levyn paksuus: 1.5mm

Tekniset tiedot: RST AISI304 1.4301";"Levyn koko: 1000x2000mm

Levyn paksuus: 1.5mm ja kuvio 0.15mm Kokonaiskorkeus 1,65mm

Malli: 5WL 2R

Tekniset tiedot: RST AISI304 1.4301

Paino: 24kg/kpl";https://www.cronvall.fi/WebRoot/Cronvall/Shops/CronvallShop/5DF9/ED95/FB4F/DCC7/8029/0A28/104A/E2E1/kuviolevy-5WL_s.png;https://www.cronvall.fi/WebRoot/Cronvall/Shops/CronvallShop/5DF9/ED95/FB4F/DCC7/8029/0A28/104A/E2E1/kuviolevy-5WL_m.png;Non-rusting steel;4.10;1.20;1.03;0;95;0;5;0;65
30;117;Metal sheets;500619;540;piece;37.05.00;piece;1250;;2500.00.00;1.05;;Kuviolevy 5WL 2R RST 1.5x1250x2500mm;"Levyn koko: 1250x2500mm

Levyn paksuus: 1.5mm

Tekniset tiedot: RST AISI304 1.4301";"Levyn koko: 1250x2500mm

Levyn paksuus: 1.5mm ja kuvio 0.15mmKokonaiskorkeus 1,65mm

Malli: 5WL 2R

Tekniset tiedot: RST AISI304 1.4301

Paino: 37.5kg/kpl";https://www.cronvall.fi/WebRoot/Cronvall/Shops/CronvallShop/5DF9/EDEC/CBE3/859F/2A36/0A28/104A/E2CC/kuviolevy-5WL_s.png;https://www.cronvall.fi/WebRoot/Cronvall/Shops/CronvallShop/5DF9/EDEC/CBE3/859F/2A36/0A28/104A/E2CC/kuviolevy-5WL_m.png;Non-rusting steel;4.10;1.20;1.03;0;95;0;5;0;65
31;118;Metal sheets;500611;165.07.00;piece;16;piece;1000;;2000.00.00;1;;Kuviolevy 5WL 2R RST 1x1000x2000mm;"Levyn koko: 1000x2000mm

Levyn paksuus: 1mm

Tekniset tiedot: RST AISI304 1.4301";"Levyn koko: 1000x2000mm

Levyn paksuus: 1mm ja kuvio 0.2mmKokonaiskorkeus 1,20mm

Malli: 5WL 2R

Tekniset tiedot: RST AISI304 1.4301

Paino: 16kg/kpl";https://www.cronvall.fi/WebRoot/Cronvall/Shops/CronvallShop/5DF9/EAD2/42AF/7717/B174/0A28/104A/28BD/kuviolevy-5WL_s.png;https://www.cronvall.fi/WebRoot/Cronvall/Shops/CronvallShop/5DF9/EAD2/42AF/7717/B174/0A28/104A/28BD/kuviolevy-5WL_m.png;Non-rusting steel;4.10;1.20;1.03;0;95;0;5;0;65
32;119;Metal sheets;500612;228.06.00;piece;25;piece;1250;;2500.00.00;1;;Kuviolevy 5WL 2R RST 1x1250x2500mm;"Levyn koko: 1250x2500mm

Levyn paksuus: 1mm

Tekniset tiedot: RST AISI304 1.4301";"Levyn koko: 1250x2500mm

Levyn paksuus: 1mm ja kuvio 0.2mmKokonaiskorkeus 1,20mm

Malli: 5WL 2R

Tekniset tiedot: RST AISI304 1.4301

Paino: 25kg/kpl";https://www.cronvall.fi/WebRoot/Cronvall/Shops/CronvallShop/6024/E98F/904B/A28F/30E1/0A28/105F/3D28/kuviolevy-5WL_s.png;https://www.cronvall.fi/WebRoot/Cronvall/Shops/CronvallShop/6024/E98F/904B/A28F/30E1/0A28/105F/3D28/kuviolevy-5WL_m.png;Non-rusting steel;4.10;1.20;1.03;0;95;0;5;0;65
33;120;Metal sheets;500621;134.03.00;piece;12.08;piece;1000;;2000.00.00;0.08;;Kuviolevy 7WL 2R RST 0.8x1000x2000mm;"Levyn koko: 1000x2000mm

Levyn paksuus: 0.8mm

Tekniset tiedot: RST AISI304 1.4301";"Levyn koko: 1000x2000mm

Levyn paksuus: 0.8mm ja kuvio 0.6mmKokonaiskorkeus 1,40mm

Malli: 7WL 2R

Tekniset tiedot: RST AISI304 1.4301

Paino: 12.8kg/kpl";https://www.cronvall.fi/WebRoot/Cronvall/Shops/CronvallShop/5DF9/EE8A/E7D9/B277/A4B6/0A28/104A/E2D0/kuviolevy-7WL_s.png;https://www.cronvall.fi/WebRoot/Cronvall/Shops/CronvallShop/5DF9/EE8A/E7D9/B277/A4B6/0A28/104A/E2D0/kuviolevy-7WL_m.png;Non-rusting steel;4.10;1.20;1.03;0;95;0;5;0;65
34;121;Metal sheets;500625;461.04.00;piece;37.05.00;piece;1250;;2500.00.00;1.05;;Kuviolevy 7WL 2R RST 1.5x1250x2500mm;"Levyn koko: 1250x2500mm

Levyn paksuus: 1.5mm

Tekniset tiedot: RST AISI304 1.4301";"Levyn koko: 1250x2500mm

Levyn paksuus: 1.5mm ja kuvio 0.5mmKokonaiskorkeus 2,0mm

Malli: 7WL

Tekniset tiedot: RST AISI304 1.4301

Paino: 37.5kg/kpl";https://www.cronvall.fi/WebRoot/Cronvall/Shops/CronvallShop/5DF9/EF73/4DC9/761E/0DD4/0A28/104A/B725/kuviolevy-7WL_s.png;https://www.cronvall.fi/WebRoot/Cronvall/Shops/CronvallShop/5DF9/EF73/4DC9/761E/0DD4/0A28/104A/B725/kuviolevy-7WL_m.png;Non-rusting steel;4.10;1.20;1.03;0;95;0;5;0;65
35;122;Metal sheets;KY05304;68.06.00;piece;8;piece;1000;;2000.00.00;0.05;;Kylmävalssattu 2B RST levy 0.5x1000x2000mm;"Materiaali: Kylmävalssattu 2B RST AISI304

Koko: 1000x2000mm

Paksuus: 0.5mm";"Materiaali: Kylmävalssattu 2B RST AISI304

Koko: 1000x2000mm

Paksuus: 0.5mm

Paino: 8kg/kpl

Käyttö esim. julkisivut, hissit, kaupat jne2B = Kylmävalssattu, lämpökäsitelty, peitattu ja viimeistely valssattu. Pinnanlaatu silemämpi kuin 2D.Tavallinen pinnanlaatu useimmille teräksille haluttaessa hyvää korroosionkestävyyttä, sileyttä ja tasomaisuutta. Myös yleinen pinnanlaatu jatkojalostukseen.";https://www.cronvall.fi/WebRoot/Cronvall/Shops/CronvallShop/5E61/FC42/3BF6/BC60/B8C2/0A28/105F/3B43/RST-levy-cronvall_s.jpg;https://www.cronvall.fi/WebRoot/Cronvall/Shops/CronvallShop/5E61/FC42/3BF6/BC60/B8C2/0A28/105F/3B43/RST-levy-cronvall_m.jpg;Non-rusting steel;4.10;1.20;1.03;0;95;0;5;0;65
36;123;Metal sheets;KY06304;85.07.00;piece;10;piece;1000;;2000.00.00;0.06;;Kylmävalssattu 2B RST levy 0.6x1000x2000mm;"Materiaali: Kylmävalssattu 2B RST AISI304

Koko: 1000x2000mm

Paksuus: 0.6mm";"Materiaali: Kylmävalssattu 2B RST AISI304

Koko: 1000x2000mm

Paksuus: 0.6mm

Paino: 10kg/kpl

Käyttö esim. julkisivut, hissit, kaupat jne2B = Kylmävalssattu, lämpökäsitelty, peitattu ja viimeistely valssattu. Pinnanlaatu silemämpi kuin 2D.Tavallinen pinnanlaatu useimmille teräksille haluttaessa hyvää korroosionkestävyyttä, sileyttä ja tasomaisuutta. Myös yleinen pinnanlaatu jatkojalostukseen.";https://www.cronvall.fi/WebRoot/Cronvall/Shops/CronvallShop/5E62/3B8D/8101/6765/DDE5/0A28/105F/B9D3/RST-levy-cronvall_s.jpg;https://www.cronvall.fi/WebRoot/Cronvall/Shops/CronvallShop/5E62/3B8D/8101/6765/DDE5/0A28/105F/B9D3/RST-levy-cronvall_m.jpg;Non-rusting steel;4.10;1.20;1.03;0;95;0;5;0;65
37;124;Metal sheets;KY08304;111.04.00;piece;13;piece;1000;;2000.00.00;0.08;;Kylmävalssattu 2B RST levy 0.8x1000x2000mm;"Materiaali: Kylmävalssattu 2BRST AISI304

Koko: 1000x2000mm

Paksuus: 0.8mm";"Materiaali: Kylmävalssattu 2BRST AISI304

Koko: 1000x2000mm

Paksuus: 0.8mm

Paino: 13kg/kpl

Käyttö esim. julkisivut, hissit, kaupat jne2B = Kylmävalssattu, lämpökäsitelty, peitattu ja viimeistely valssattu. Pinnanlaatu silemämpi kuin 2D.Tavallinen pinnanlaatu useimmille teräksille haluttaessa hyvää korroosionkestävyyttä, sileyttä ja tasomaisuutta. Myös yleinen pinnanlaatu jatkojalostukseen.";https://www.cronvall.fi/WebRoot/Cronvall/Shops/CronvallShop/5E62/06E8/A47F/4307/A262/0A28/105F/13E1/RST-levy-cronvall_s.jpg;https://www.cronvall.fi/WebRoot/Cronvall/Shops/CronvallShop/5E62/06E8/A47F/4307/A262/0A28/105F/13E1/RST-levy-cronvall_m.jpg;Non-rusting steel;4.10;1.20;1.03;0;95;0;5;0;65
38;125;Metal sheets;KY08304J;171.04.00;piece;20;piece;1250;;2500.00.00;0.08;;Kylmävalssattu 2B RST levy 0.8x1250x2500mm;"Materiaali: Kylmävalssattu 2B RST AISI304

Koko: 1250x2500mm

Paksuus: 0.8mm";"Materiaali: Kylmävalssattu 2B RST AISI304

Koko: 1250x2500mm

Paksuus: 0.8mm

Paino: 20kg/kpl

Käyttö esim. julkisivut, hissit, kaupat jne

2B = Kylmävalssattu, lämpökäsitelty, peitattu ja viimeistely valssattu. Pinnanlaatu silemämpi kuin 2D.

Tavallinen pinnanlaatu useimmille teräksille haluttaessa hyvää korroosionkestävyyttä, sileyttä ja tasomaisuutta. Myös yleinen pinnanlaatu jatkojalostukseen.";https://www.cronvall.fi/WebRoot/Cronvall/Shops/CronvallShop/5E62/0177/AF81/1AAB/F811/0A28/105F/179F/RST-levy-cronvall_s.jpg;https://www.cronvall.fi/WebRoot/Cronvall/Shops/CronvallShop/5E62/0177/AF81/1AAB/F811/0A28/105F/179F/RST-levy-cronvall_m.jpg;Non-rusting steel;4.10;1.20;1.03;0;95;0;5;0;65
39;126;Metal sheets;KY08304M;248.06.00;piece;29;piece;1500;;3000.00.00;0.08;;Kylmävalssattu 2B RST levy 0.8x1500x3000mm;"Materiaali: Kylmävalssattu 2B RST AISI304

Koko: 1500x3000mm

Paksuus: 0.8mm";"Materiaali: Kylmävalssattu 2B RST AISI304

Koko: 1500x3000mm

Paksuus: 0.8mm

Paino: 29kg/kpl

Käyttö esim. julkisivut, hissit, kaupat jne2B = Kylmävalssattu, lämpökäsitelty, peitattu ja viimeistely valssattu. Pinnanlaatu silemämpi kuin 2D.Tavallinen pinnanlaatu useimmille teräksille haluttaessa hyvää korroosionkestävyyttä, sileyttä ja tasomaisuutta. Myös yleinen pinnanlaatu jatkojalostukseen.";https://www.cronvall.fi/WebRoot/Cronvall/Shops/CronvallShop/5E62/02E8/C6A7/F6D3/712E/0A28/105F/BA23/RST-levy-cronvall_s.jpg;https://www.cronvall.fi/WebRoot/Cronvall/Shops/CronvallShop/5E62/02E8/C6A7/F6D3/712E/0A28/105F/BA23/RST-levy-cronvall_m.jpg;Non-rusting steel;4.10;1.20;1.03;0;95;0;5;0;65
40;127;Metal sheets;KY10304;137.01.00;piece;16;piece;1000;;2000.00.00;1.00;;Kylmävalssattu 2B RST levy 1.0x1000x2000mm;"Materiaali: Kylmävalssattu 2BRST AISI304

Koko: 1000x2000mm

Paksuus: 1.0mm";"Materiaali: Kylmävalssattu 2BRST AISI304

Koko: 1000x2000mm

Paksuus: 1.0mm

Paino: 16kg/kpl

Käyttö esim. julkisivut, hissit, kaupat jne

2B = Kylmävalssattu, lämpökäsitelty, peitattu ja viimeistely valssattu. Pinnanlaatu silemämpi kuin 2D.

Tavallinen pinnanlaatu useimmille teräksille haluttaessa hyvää korroosionkestävyyttä, sileyttä ja tasomaisuutta. Myös yleinen pinnanlaatu jatkojalostukseen.";https://www.cronvall.fi/WebRoot/Cronvall/Shops/CronvallShop/5E62/0EFE/04BA/FB39/3E4E/0A28/105F/0300/RST-levy-cronvall_s.jpg;https://www.cronvall.fi/WebRoot/Cronvall/Shops/CronvallShop/5E62/0EFE/04BA/FB39/3E4E/0A28/105F/0300/RST-levy-cronvall_m.jpg;Non-rusting steel;4.10;1.20;1.03;0;95;0;5;0;65
41;128;Metal sheets;KY10304J;214.03.00;piece;25;piece;1250;;2500.00.00;1.00;;Kylmävalssattu 2B RST levy 1.0x1250x2500mm;"Materiaali: Kylmävalssattu 2B RST AISI304

Koko: 1250x2500mm

Paksuus: 1.0mm";"Materiaali: Kylmävalssattu 2B RST AISI304

Koko: 1250x2500mm

Paksuus: 1.0mm

Paino: 25kg/kpl

Käyttö esim. julkisivut, hissit, kaupat jne

2B = Kylmävalssattu, lämpökäsitelty, peitattu ja viimeistely valssattu. Pinnanlaatu silemämpi kuin 2D.

Tavallinen pinnanlaatu useimmille teräksille haluttaessa hyvää korroosionkestävyyttä, sileyttä ja tasomaisuutta. Myös yleinen pinnanlaatu jatkojalostukseen.";https://www.cronvall.fi/WebRoot/Cronvall/Shops/CronvallShop/5E62/0EFF/ED9B/37D1/A2DE/0A28/105F/0345/RST-levy-cronvall_s.jpg;https://www.cronvall.fi/WebRoot/Cronvall/Shops/CronvallShop/5E62/0EFF/ED9B/37D1/A2DE/0A28/105F/0345/RST-levy-cronvall_m.jpg;Non-rusting steel;4.10;1.20;1.03;0;95;0;5;0;65
42;129;Metal sheets;KY10304M;308.06.00;piece;36;piece;1500;;3000.00.00;1.00;;Kylmävalssattu 2B RST levy 1.0x1500x3000mm;"Materiaali: Kylmävalssattu 2B RST AISI304

Koko: 1500x3000mm

Paksuus: 1.0mm";"Materiaali: Kylmävalssattu 2B RST AISI304

Koko: 1500x3000mm

Paksuus: 1.0mm

Paino: 36kg/kpl

Käyttö esim. julkisivut, hissit, kaupat jne2B = Kylmävalssattu, lämpökäsitelty, peitattu ja viimeistely valssattu. Pinnanlaatu silemämpi kuin 2D.Tavallinen pinnanlaatu useimmille teräksille haluttaessa hyvää korroosionkestävyyttä, sileyttä ja tasomaisuutta. Myös yleinen pinnanlaatu jatkojalostukseen.";https://www.cronvall.fi/WebRoot/Cronvall/Shops/CronvallShop/5E62/0EFF/0D10/1DC7/BDEF/0A28/105F/03B3/RST-levy-cronvall_s.jpg;https://www.cronvall.fi/WebRoot/Cronvall/Shops/CronvallShop/5E62/0EFF/0D10/1DC7/BDEF/0A28/105F/03B3/RST-levy-cronvall_m.jpg;Non-rusting steel;4.10;1.20;1.03;0;95;0;5;0;65
43;130;Metal sheets;KY125304;171.04.00;piece;20;piece;1000;;2000.00.00;1.25;;Kylmävalssattu 2B RST levy 1.25x1000x2000mm;"Materiaali: Kylmävalssattu 2BRST AISI304

Koko: 1000x2000mm

Paksuus: 1.25mm";"Materiaali: Kylmävalssattu 2BRST AISI304

Koko: 1000x2000mm

Paksuus: 1.25mm

Paino: 20kg/kpl

Käyttö esim. julkisivut, hissit, kaupat jne2B = Kylmävalssattu, lämpökäsitelty, peitattu ja viimeistely valssattu. Pinnanlaatu silemämpi kuin 2D.Tavallinen pinnanlaatu useimmille teräksille haluttaessa hyvää korroosionkestävyyttä, sileyttä ja tasomaisuutta. Myös yleinen pinnanlaatu jatkojalostukseen.";https://www.cronvall.fi/WebRoot/Cronvall/Shops/CronvallShop/5E62/12E4/B1A7/9E75/AEE8/0A28/105F/5185/RST-levy-cronvall_s.jpg;https://www.cronvall.fi/WebRoot/Cronvall/Shops/CronvallShop/5E62/12E4/B1A7/9E75/AEE8/0A28/105F/5185/RST-levy-cronvall_m.jpg;Non-rusting steel;4.10;1.20;1.03;0;95;0;5;0;65
44;131;Metal sheets;KY125304J;265.07.00;piece;31;piece;1250;;2500.00.00;1.25;;Kylmävalssattu 2B RST levy 1.25x1250x2500mm;"Materiaali: Kylmävalssattu 2B RST AISI304

Koko: 1250x2500mm

Paksuus: 1.25mm";"Materiaali: Kylmävalssattu 2B RST AISI304

Koko: 1250x2500mm

Paksuus: 1.25mm

Paino: 31kg/kpl

Käyttö esim. julkisivut, hissit, kaupat jne

2B = Kylmävalssattu, lämpökäsitelty, peitattu ja viimeistely valssattu. Pinnanlaatu silemämpi kuin 2D.

Tavallinen pinnanlaatu useimmille teräksille haluttaessa hyvää korroosionkestävyyttä, sileyttä ja tasomaisuutta. Myös yleinen pinnanlaatu jatkojalostukseen.";https://www.cronvall.fi/WebRoot/Cronvall/Shops/CronvallShop/5E62/12E5/13B8/4009/B7E2/0A28/105F/5148/RST-levy-cronvall_s.jpg;https://www.cronvall.fi/WebRoot/Cronvall/Shops/CronvallShop/5E62/12E5/13B8/4009/B7E2/0A28/105F/5148/RST-levy-cronvall_m.jpg;Non-rusting steel;4.10;1.20;1.03;0;95;0;5;0;65
45;132;Metal sheets;KY125304M;385.07.00;piece;45;piece;1500;;3000.00.00;1.25;;Kylmävalssattu 2B RST levy 1.25x1500x3000mm;"Materiaali: Kylmävalssattu 2B RST AISI304

Koko: 1500x3000mm

Paksuus: 1.25mm";"Materiaali: Kylmävalssattu 2B RST AISI304

Koko: 1500x3000mm

Paksuus: 1.25mm

Paino: 45kg/kpl

Käyttö esim. julkisivut, hissit, kaupat jne2B = Kylmävalssattu, lämpökäsitelty, peitattu ja viimeistely valssattu. Pinnanlaatu silemämpi kuin 2D.Tavallinen pinnanlaatu useimmille teräksille haluttaessa hyvää korroosionkestävyyttä, sileyttä ja tasomaisuutta. Myös yleinen pinnanlaatu jatkojalostukseen.";https://www.cronvall.fi/WebRoot/Cronvall/Shops/CronvallShop/5E62/12E5/846F/8CDC/448E/0A28/105F/514E/RST-levy-cronvall_s.jpg;https://www.cronvall.fi/WebRoot/Cronvall/Shops/CronvallShop/5E62/12E5/846F/8CDC/448E/0A28/105F/514E/RST-levy-cronvall_m.jpg;Non-rusting steel;4.10;1.20;1.03;0;95;0;5;0;65
46;133;Metal sheets;KY15304;205.07.00;piece;24;piece;1000;;2000.00.00;1.05;;Kylmävalssattu 2B RST levy 1.5x1000x2000mm;"Materiaali: Kylmävalssattu 2BRST AISI304

Koko: 1000x2000mm

Paksuus: 1.5mm";"Materiaali: Kylmävalssattu 2BRST AISI304

Koko: 1000x2000mm

Paksuus: 1.5mm

Paino: 24kg/kpl

Käyttö esim. julkisivut, hissit, kaupat jne2B = Kylmävalssattu, lämpökäsitelty, peitattu ja viimeistely valssattu. Pinnanlaatu silemämpi kuin 2D.Tavallinen pinnanlaatu useimmille teräksille haluttaessa hyvää korroosionkestävyyttä, sileyttä ja tasomaisuutta. Myös yleinen pinnanlaatu jatkojalostukseen.";https://www.cronvall.fi/WebRoot/Cronvall/Shops/CronvallShop/5E62/2C7B/D28C/9C07/BF57/0A28/105F/C903/RST-levy-cronvall_s.jpg;https://www.cronvall.fi/WebRoot/Cronvall/Shops/CronvallShop/5E62/2C7B/D28C/9C07/BF57/0A28/105F/C903/RST-levy-cronvall_m.jpg;Non-rusting steel;4.10;1.20;1.03;0;95;0;5;0;65
47;134;Metal sheets;KY15304J;325.07.00;piece;38;piece;1250;;2500.00.00;1.05;;Kylmävalssattu 2B RST levy 1.5x1250x2500mm;"Materiaali: Kylmävalssattu 2B RST AISI304

Koko: 1250x2500mm

Paksuus: 1.5mm";"Materiaali: Kylmävalssattu 2B RST AISI304

Koko: 1250x2500mm

Paksuus: 1.5mm

Paino: 38kg/kpl

Käyttö esim. julkisivut, hissit, kaupat jne2B = Kylmävalssattu, lämpökäsitelty, peitattu ja viimeistely valssattu. Pinnanlaatu silemämpi kuin 2D.Tavallinen pinnanlaatu useimmille teräksille haluttaessa hyvää korroosionkestävyyttä, sileyttä ja tasomaisuutta. Myös yleinen pinnanlaatu jatkojalostukseen.";https://www.cronvall.fi/WebRoot/Cronvall/Shops/CronvallShop/5E62/2C7B/5E88/D9C1/5D36/0A28/105F/C980/RST-levy-cronvall_s.jpg;https://www.cronvall.fi/WebRoot/Cronvall/Shops/CronvallShop/5E62/2C7B/5E88/D9C1/5D36/0A28/105F/C980/RST-levy-cronvall_m.jpg;Non-rusting steel;4.10;1.20;1.03;0;95;0;5;0;65
48;135;Metal sheets;KY15304M;462.09.00;piece;54;piece;1500;;3000.00.00;1.05;;Kylmävalssattu 2B RST levy 1.5x1500x3000mm;"Materiaali: Kylmävalssattu 2B RST AISI304

Koko: 1500x3000mm

Paksuus: 1.5mm";"Materiaali: Kylmävalssattu 2B RST AISI304

Koko: 1500x3000mm

Paksuus: 1.5mm

Paino: 54kg/kpl

Käyttö esim. julkisivut, hissit, kaupat jne2B = Kylmävalssattu, lämpökäsitelty, peitattu ja viimeistely valssattu. Pinnanlaatu silemämpi kuin 2D.Tavallinen pinnanlaatu useimmille teräksille haluttaessa hyvää korroosionkestävyyttä, sileyttä ja tasomaisuutta. Myös yleinen pinnanlaatu jatkojalostukseen.";https://www.cronvall.fi/WebRoot/Cronvall/Shops/CronvallShop/5E62/2C7C/5D9F/06AF/84E8/0A28/105F/C959/RST-levy-cronvall_s.jpg;https://www.cronvall.fi/WebRoot/Cronvall/Shops/CronvallShop/5E62/2C7C/5D9F/06AF/84E8/0A28/105F/C959/RST-levy-cronvall_m.jpg;Non-rusting steel;4.10;1.20;1.03;0;95;0;5;0;65
49;136;Metal sheets;KY20304;269.07.00;piece;32;piece;1000;;2000.00.00;2.00;;Kylmävalssattu 2B RST levy 2.0x1000x2000mm;"Materiaali: Kylmävalssattu 2BRST AISI304

Koko: 1000x2000mm

Paksuus: 2.0mm";"Materiaali: Kylmävalssattu 2BRST AISI304

Koko: 1000x2000mm

Paksuus: 2.0mm

Paino: 32kg/kpl

Käyttö esim. julkisivut, hissit, kaupat jne

2B = Kylmävalssattu, lämpökäsitelty, peitattu ja viimeistely valssattu. Pinnanlaatu silemämpi kuin 2D.

Tavallinen pinnanlaatu useimmille teräksille haluttaessa hyvää korroosionkestävyyttä, sileyttä ja tasomaisuutta. Myös yleinen pinnanlaatu jatkojalostukseen.";https://www.cronvall.fi/WebRoot/Cronvall/Shops/CronvallShop/5E62/2EE0/8B29/5D52/9021/0A28/105F/1006/RST-levy-cronvall_s.jpg;https://www.cronvall.fi/WebRoot/Cronvall/Shops/CronvallShop/5E62/2EE0/8B29/5D52/9021/0A28/105F/1006/RST-levy-cronvall_m.jpg;Non-rusting steel;4.10;1.20;1.03;0;95;0;5;0;65
50;137;Metal sheets;KY20304J;428.06.00;piece;50;piece;1250;;2500.00.00;2.00;;Kylmävalssattu 2B RST levy 2.0x1250x2500mm;"Materiaali: Kylmävalssattu 2B RST AISI304

Koko: 1250x2500mm

Paksuus: 2.0mm";"Materiaali: Kylmävalssattu 2B RST AISI304

Koko: 1250x2500mm

Paksuus: 2.0mm

Paino: 50kg/kpl

Käyttö esim. julkisivut, hissit, kaupat jne

2B = Kylmävalssattu, lämpökäsitelty, peitattu ja viimeistely valssattu. Pinnanlaatu silemämpi kuin 2D.

Tavallinen pinnanlaatu useimmille teräksille haluttaessa hyvää korroosionkestävyyttä, sileyttä ja tasomaisuutta. Myös yleinen pinnanlaatu jatkojalostukseen.";https://www.cronvall.fi/WebRoot/Cronvall/Shops/CronvallShop/5E62/2EE1/28F5/03A7/2C3E/0A28/105F/1089/RST-levy-cronvall_s.jpg;https://www.cronvall.fi/WebRoot/Cronvall/Shops/CronvallShop/5E62/2EE1/28F5/03A7/2C3E/0A28/105F/1089/RST-levy-cronvall_m.jpg;Non-rusting steel;4.10;1.20;1.03;0;95;0;5;0;65
51;138;Metal sheets;KY20304M;617.01.00;piece;72;piece;1500;;3000.00.00;2.00;;Kylmävalssattu 2B RST levy 2.0x1500x3000mm;"Materiaali: Kylmävalssattu 2B RST AISI304

Koko: 1500x3000mm

Paksuus: 2.0mm";"Materiaali: Kylmävalssattu 2B RST AISI304

Koko: 1500x3000mm

Paksuus: 2.0mm

Paino: 72kg/kpl

Käyttö esim. julkisivut, hissit, kaupat jne2B = Kylmävalssattu, lämpökäsitelty, peitattu ja viimeistely valssattu. Pinnanlaatu silemämpi kuin 2D.Tavallinen pinnanlaatu useimmille teräksille haluttaessa hyvää korroosionkestävyyttä, sileyttä ja tasomaisuutta. Myös yleinen pinnanlaatu jatkojalostukseen.";https://www.cronvall.fi/WebRoot/Cronvall/Shops/CronvallShop/5E62/2EE1/B313/7DD8/1782/0A28/105F/10EC/RST-levy-cronvall_s.jpg;https://www.cronvall.fi/WebRoot/Cronvall/Shops/CronvallShop/5E62/2EE1/B313/7DD8/1782/0A28/105F/10EC/RST-levy-cronvall_m.jpg;Non-rusting steel;4.10;1.20;1.03;0;95;0;5;0;65
52;139;Metal sheets;KY25304M;771.04.00;piece;90;piece;1500;;3000.00.00;2.05;;Kylmävalssattu 2B RST levy 2.5x1500x3000mm;"Materiaali: Kylmävalssattu 2B RST AISI304

Koko: 1500x3000mm

Paksuus: 2.5mm";"Materiaali: Kylmävalssattu 2B RST AISI304

Koko: 1500x3000mm

Paksuus: 2.5mm

Paino: 90kg/kpl

Käyttö esim. julkisivut, hissit, kaupat jne2B = Kylmävalssattu, lämpökäsitelty, peitattu ja viimeistely valssattu. Pinnanlaatu silemämpi kuin 2D.Tavallinen pinnanlaatu useimmille teräksille haluttaessa hyvää korroosionkestävyyttä, sileyttä ja tasomaisuutta. Myös yleinen pinnanlaatu jatkojalostukseen.";https://www.cronvall.fi/WebRoot/Cronvall/Shops/CronvallShop/5E62/3142/F05C/1244/8D02/0A28/105F/0B37/RST-levy-cronvall_s.jpg;https://www.cronvall.fi/WebRoot/Cronvall/Shops/CronvallShop/5E62/3142/F05C/1244/8D02/0A28/105F/0B37/RST-levy-cronvall_m.jpg;Non-rusting steel;4.10;1.20;1.03;0;95;0;5;0;65
53;140;Metal sheets;KY30304;411.04.00;piece;48;piece;1000;;2000.00.00;3.00;;Kylmävalssattu 2B RST levy 3.0x1000x2000mm;"Materiaali: Kylmävalssattu 2BRST AISI304

Koko: 1000x2000mm

Paksuus: 3.0mm";"Materiaali: Kylmävalssattu 2BRST AISI304

Koko: 1000x2000mm

Paksuus: 3.0mm

Paino: 48kg/kpl

Käyttö esim. julkisivut, hissit, kaupat jne

2B = Kylmävalssattu, lämpökäsitelty, peitattu ja viimeistely valssattu. Pinnanlaatu silemämpi kuin 2D.

Tavallinen pinnanlaatu useimmille teräksille haluttaessa hyvää korroosionkestävyyttä, sileyttä ja tasomaisuutta. Myös yleinen pinnanlaatu jatkojalostukseen.";https://www.cronvall.fi/WebRoot/Cronvall/Shops/CronvallShop/5E62/31B5/1ACA/F17E/E7D5/0A28/105F/98E9/RST-levy-cronvall_s.jpg;https://www.cronvall.fi/WebRoot/Cronvall/Shops/CronvallShop/5E62/31B5/1ACA/F17E/E7D5/0A28/105F/98E9/RST-levy-cronvall_m.jpg;Non-rusting steel;4.10;1.20;1.03;0;95;0;5;0;65
54;141;Metal sheets;KY30304J;642.09.00;piece;75;piece;1250;;2500.00.00;3.00;;Kylmävalssattu 2B RST levy 3.0x1250x2500mm;"Materiaali: Kylmävalssattu 2B RST AISI304

Koko: 1250x2500mm

Paksuus: 3.0mm";"Materiaali: Kylmävalssattu 2B RST AISI304

Koko: 1250x2500mm

Paksuus: 3.0mm

Paino: 75kg/kpl

Käyttö esim. julkisivut, hissit, kaupat jne2B = Kylmävalssattu, lämpökäsitelty, peitattu ja viimeistely valssattu. Pinnanlaatu silemämpi kuin 2D.Tavallinen pinnanlaatu useimmille teräksille haluttaessa hyvää korroosionkestävyyttä, sileyttä ja tasomaisuutta. Myös yleinen pinnanlaatu jatkojalostukseen.";https://www.cronvall.fi/WebRoot/Cronvall/Shops/CronvallShop/5E62/327F/8B3C/8DD2/E301/0A28/105F/4EF3/RST-levy-cronvall_s.jpg;https://www.cronvall.fi/WebRoot/Cronvall/Shops/CronvallShop/5E62/327F/8B3C/8DD2/E301/0A28/105F/4EF3/RST-levy-cronvall_m.jpg;Non-rusting steel;4.10;1.20;1.03;0;95;0;5;0;65
55;142;Metal sheets;KY30304M;925.07.00;piece;108;piece;1500;;3000.00.00;3.00;;Kylmävalssattu 2B RST levy 3.0x1500x3000mm;"Materiaali: Kylmävalssattu 2B RST AISI304

Koko: 1500x3000mm

Paksuus: 3.0mm";"Materiaali: Kylmävalssattu 2B RST AISI304

Koko: 1500x3000mm

Paksuus: 3.0mm

Paino: 108kg/kpl

Käyttö esim. julkisivut, hissit, kaupat jne2B = Kylmävalssattu, lämpökäsitelty, peitattu ja viimeistely valssattu. Pinnanlaatu silemämpi kuin 2D.Tavallinen pinnanlaatu useimmille teräksille haluttaessa hyvää korroosionkestävyyttä, sileyttä ja tasomaisuutta. Myös yleinen pinnanlaatu jatkojalostukseen.";https://www.cronvall.fi/WebRoot/Cronvall/Shops/CronvallShop/5E62/3387/3468/2067/1D90/0A28/105F/2FEC/RST-levy-cronvall_s.jpg;https://www.cronvall.fi/WebRoot/Cronvall/Shops/CronvallShop/5E62/3387/3468/2067/1D90/0A28/105F/2FEC/RST-levy-cronvall_m.jpg;Non-rusting steel;4.10;1.20;1.03;0;95;0;5;0;65
56;143;Metal sheets;KY40304;548.06.00;piece;64;piece;1000;;2000.00.00;4.00;;Kylmävalssattu 2B RST levy 4.0x1000x2000mm;"Materiaali: Kylmävalssattu 2BRST AISI304

Koko: 1000x2000mm

Paksuus: 4.0mm";"Materiaali: Kylmävalssattu 2BRST AISI304

Koko: 1000x2000mm

Paksuus: 4.0mm

Paino: 64kg/kpl

Käyttö esim. julkisivut, hissit, kaupat jne2B = Kylmävalssattu, lämpökäsitelty, peitattu ja viimeistely valssattu. Pinnanlaatu silemämpi kuin 2D.Tavallinen pinnanlaatu useimmille teräksille haluttaessa hyvää korroosionkestävyyttä, sileyttä ja tasomaisuutta. Myös yleinen pinnanlaatu jatkojalostukseen.";https://www.cronvall.fi/WebRoot/Cronvall/Shops/CronvallShop/5E62/33FC/A07B/3C17/26CB/0A28/105F/DF65/RST-levy-cronvall_s.jpg;https://www.cronvall.fi/WebRoot/Cronvall/Shops/CronvallShop/5E62/33FC/A07B/3C17/26CB/0A28/105F/DF65/RST-levy-cronvall_m.jpg;Non-rusting steel;4.10;1.20;1.03;0;95;0;5;0;65
57;144;Metal sheets;KY40304M;1234.03.00;piece;144;piece;1500;;3000.00.00;4.00;;Kylmävalssattu 2B RST levy 4.0x1500x3000mm;"Materiaali: Kylmävalssattu 2B RST AISI304

Koko: 1500x3000mm

Paksuus: 4.0mm";"Materiaali: Kylmävalssattu 2B RST AISI304

Koko: 1500x3000mm

Paksuus: 4.0mm

Paino: 144kg/kpl

Käyttö esim. julkisivut, hissit, kaupat jne2B = Kylmävalssattu, lämpökäsitelty, peitattu ja viimeistely valssattu. Pinnanlaatu silemämpi kuin 2D.Tavallinen pinnanlaatu useimmille teräksille haluttaessa hyvää korroosionkestävyyttä, sileyttä ja tasomaisuutta. Myös yleinen pinnanlaatu jatkojalostukseen.";https://www.cronvall.fi/WebRoot/Cronvall/Shops/CronvallShop/5E62/34BB/5913/E840/FE19/0A28/105F/DF01/RST-levy-cronvall_s.jpg;https://www.cronvall.fi/WebRoot/Cronvall/Shops/CronvallShop/5E62/34BB/5913/E840/FE19/0A28/105F/DF01/RST-levy-cronvall_m.jpg;Non-rusting steel;4.10;1.20;1.03;0;95;0;5;0;65
58;145;Metal sheets;KY50304;685.07.00;piece;80;piece;1000;;2000.00.00;5.00;;Kylmävalssattu 2B RST levy 5.0x1000x2000mm;"Materiaali: Kylmävalssattu 2BRST AISI304

Koko: 1000x2000mm

Paksuus: 5.0mm";"Materiaali: Kylmävalssattu 2BRST AISI304

Koko: 1000x2000mm

Paksuus: 5.0mm

Paino: 80kg/kpl

Käyttö esim. julkisivut, hissit, kaupat jne2B = Kylmävalssattu, lämpökäsitelty, peitattu ja viimeistely valssattu. Pinnanlaatu silemämpi kuin 2D.Tavallinen pinnanlaatu useimmille teräksille haluttaessa hyvää korroosionkestävyyttä, sileyttä ja tasomaisuutta. Myös yleinen pinnanlaatu jatkojalostukseen.";https://www.cronvall.fi/WebRoot/Cronvall/Shops/CronvallShop/5E62/3578/D4E5/84EF/8E19/0A28/105F/DDCA/RST-levy-cronvall_s.jpg;https://www.cronvall.fi/WebRoot/Cronvall/Shops/CronvallShop/5E62/3578/D4E5/84EF/8E19/0A28/105F/DDCA/RST-levy-cronvall_m.jpg;Non-rusting steel;4.10;1.20;1.03;0;95;0;5;0;65
59;146;Metal sheets;KY50304M;1542.09.00;piece;180;piece;1500;;3000.00.00;5.00;;Kylmävalssattu 2B RST levy 5.0x1500x3000mm;"Materiaali: Kylmävalssattu 2B RST AISI304

Koko: 1500x3000mm

Paksuus: 5.0mm";"Materiaali: Kylmävalssattu 2B RST AISI304

Koko: 1500x3000mm

Paksuus: 5.0mm

Paino: 180kg/kpl

Käyttö esim. julkisivut, hissit, kaupat jne2B = Kylmävalssattu, lämpökäsitelty, peitattu ja viimeistely valssattu. Pinnanlaatu silemämpi kuin 2D.Tavallinen pinnanlaatu useimmille teräksille haluttaessa hyvää korroosionkestävyyttä, sileyttä ja tasomaisuutta. Myös yleinen pinnanlaatu jatkojalostukseen.";https://www.cronvall.fi/WebRoot/Cronvall/Shops/CronvallShop/5E62/35F4/AA60/54D4/4689/0A28/105F/26F6/RST-levy-cronvall_s.jpg;https://www.cronvall.fi/WebRoot/Cronvall/Shops/CronvallShop/5E62/35F4/AA60/54D4/4689/0A28/105F/26F6/RST-levy-cronvall_m.jpg;Non-rusting steel;4.10;1.20;1.03;0;95;0;5;0;65
60;147;Metal sheets;KY60304M;1851.04.00;piece;216;piece;1500;;3000.00.00;6.00;;Kylmävalssattu 2B RST levy 6.0x1500x3000mm;"Materiaali: Kylmävalssattu 2B RST AISI304

Koko: 1500x3000mm

Paksuus: 6.0mm";"Materiaali: Kylmävalssattu 2B RST AISI304

Koko: 1500x3000mm

Paksuus: 6.0mm

Paino: 216kg/kpl

Käyttö esim. julkisivut, hissit, kaupat jne2B = Kylmävalssattu, lämpökäsitelty, peitattu ja viimeistely valssattu. Pinnanlaatu silemämpi kuin 2D.Tavallinen pinnanlaatu useimmille teräksille haluttaessa hyvää korroosionkestävyyttä, sileyttä ja tasomaisuutta. Myös yleinen pinnanlaatu jatkojalostukseen.";https://www.cronvall.fi/WebRoot/Cronvall/Shops/CronvallShop/5E62/36E1/9676/2E34/6040/0A28/105F/2635/RST-levy-cronvall_s.jpg;https://www.cronvall.fi/WebRoot/Cronvall/Shops/CronvallShop/5E62/36E1/9676/2E34/6040/0A28/105F/2635/RST-levy-cronvall_m.jpg;Non-rusting steel;4.10;1.20;1.03;0;95;0;5;0;65
61;148;Metal sheets;KY08304H;120.07.00;piece;13;piece;1000;;2000.00.00;0.08;;Kylmävalssattu Hiottu RST levy 0.8x1000x2000mm;"Materiaali: Kylmävalssattu HiottuRST AISI304 + kalvo

Koko: 1000x2000mm

Paksuus: 0.8mm";"Materiaali: Kylmävalssattu HiottuRST AISI304 + kalvo

Koko: 1000x2000mm

Paksuus: 0.8mm

Paino: 13kg/kpl

Käyttö esim. julkisivut, hissit2G = Kylmävalssattu ja hiottu";https://www.cronvall.fi/WebRoot/Cronvall/Shops/CronvallShop/5E62/00C9/6FAA/78EE/15F5/0A28/105F/179C/RST-levy-cronvall_s.jpg;https://www.cronvall.fi/WebRoot/Cronvall/Shops/CronvallShop/5E62/00C9/6FAA/78EE/15F5/0A28/105F/179C/RST-levy-cronvall_m.jpg;Non-rusting steel;4.10;1.20;1.03;0;95;0;5;0;65
62;149;Metal sheets;KY08304JH;185.07.00;piece;20;piece;1250;;2500.00.00;0.08;;Kylmävalssattu Hiottu RST levy 0.8x1250x2500mm;"Materiaali: Kylmävalssattu HiottuRST AISI304 + kalvo

Koko: 1250x2500mm

Paksuus: 0.8mm";"Materiaali: Kylmävalssattu hiottu RST AISI304 + kalvo

Koko: 1250x2500mm

Paksuus: 0.8mm

Paino: 20kg/kpl

Käyttö esim. julkisivut, hissit2G = Kylmävalssattu ja hiottu";https://www.cronvall.fi/WebRoot/Cronvall/Shops/CronvallShop/5E62/047D/BFE9/7B1B/2ED2/0A28/105F/8BF9/RST-levy-cronvall_s.jpg;https://www.cronvall.fi/WebRoot/Cronvall/Shops/CronvallShop/5E62/047D/BFE9/7B1B/2ED2/0A28/105F/8BF9/RST-levy-cronvall_m.jpg;Non-rusting steel;4.10;1.20;1.03;0;95;0;5;0;65
63;150;Metal sheets;KY08304MH;269.03.00;piece;29;piece;1500;;3000.00.00;0.08;;Kylmävalssattu Hiottu RST levy 0.8x1500x3000mm;"Materiaali: Kylmävalssattu HiottuRST AISI304 + kalvo

Koko: 1500x3000mm

Paksuus: 0.8mm";"Materiaali: Kylmävalssattu Hiottu RST AISI304 + kalvo

Koko: 1500x3000mm

Paksuus: 0.8mm

Paino: 29kg/kpl

Käyttö esim. julkisivut, hissit

2G = Kylmävalssattu ja hiottu";https://www.cronvall.fi/WebRoot/Cronvall/Shops/CronvallShop/5E62/0654/424F/A314/A373/0A28/105F/17F2/RST-levy-cronvall_s.jpg;https://www.cronvall.fi/WebRoot/Cronvall/Shops/CronvallShop/5E62/0654/424F/A314/A373/0A28/105F/17F2/RST-levy-cronvall_m.jpg;Non-rusting steel;4.10;1.20;1.03;0;95;0;5;0;65
64;151;Metal sheets;KY10304H;148.06.00;piece;16;piece;1000;;2000.00.00;1.00;;Kylmävalssattu Hiottu RST levy 1.0x1000x2000mm;"Materiaali: Kylmävalssattu HiottuRST AISI304 + kalvo

Koko: 1000x2000mm

Paksuus: 1.0mm";"Materiaali: Kylmävalssattu HiottuRST AISI304 + kalvo

Koko: 1000x2000mm

Paksuus: 1.0mm

Paino: 16kg/kpl

Käyttö esim. julkisivut, hissit2G = Kylmävalssattu ja hiottu";https://www.cronvall.fi/WebRoot/Cronvall/Shops/CronvallShop/5E62/0EFF/54D5/F79A/B8BD/0A28/105F/0342/RST-levy-cronvall_s.jpg;https://www.cronvall.fi/WebRoot/Cronvall/Shops/CronvallShop/5E62/0EFF/54D5/F79A/B8BD/0A28/105F/0342/RST-levy-cronvall_m.jpg;Non-rusting steel;4.10;1.20;1.03;0;95;0;5;0;65
65;152;Metal sheets;KY10304JH;232.01.00;piece;25;piece;1250;;2500.00.00;1.00;;Kylmävalssattu Hiottu RST levy 1.0x1250x2500mm;"Materiaali: Kylmävalssattu HiottuRST AISI304 + kalvo

Koko: 1250x2500mm

Paksuus: 1.0mm";"Materiaali: Kylmävalssattu hiottu RST AISI304 + kalvo

Koko: 1250x2500mm

Paksuus: 1.0mm

Paino: 25kg/kpl

Käyttö esim. julkisivut, hissit

2G = Kylmävalssattu ja hiottu";https://www.cronvall.fi/WebRoot/Cronvall/Shops/CronvallShop/5E62/0EFF/4709/CD01/2C6A/0A28/105F/0302/RST-levy-cronvall_s.jpg;https://www.cronvall.fi/WebRoot/Cronvall/Shops/CronvallShop/5E62/0EFF/4709/CD01/2C6A/0A28/105F/0302/RST-levy-cronvall_m.jpg;Non-rusting steel;4.10;1.20;1.03;0;95;0;5;0;65
66;153;Metal sheets;KY10304MH;334.03.00;piece;36;piece;1500;;3000.00.00;1.00;;Kylmävalssattu Hiottu RST levy 1.0x1500x3000mm;"Materiaali: Kylmävalssattu HiottuRST AISI304 + kalvo

Koko: 1500x3000mm

Paksuus: 1.0mm";"Materiaali: Kylmävalssattu Hiottu RST AISI304 + kalvo

Koko: 1500x3000mm

Paksuus: 1.0mm

Paino: 36kg/kpl

Käyttö esim. julkisivut, hissit

2G = Kylmävalssattu ja hiottu";https://www.cronvall.fi/WebRoot/Cronvall/Shops/CronvallShop/5E62/0EFF/7428/C434/6091/0A28/105F/03C9/RST-levy-cronvall_s.jpg;https://www.cronvall.fi/WebRoot/Cronvall/Shops/CronvallShop/5E62/0EFF/7428/C434/6091/0A28/105F/03C9/RST-levy-cronvall_m.jpg;Non-rusting steel;4.10;1.20;1.03;0;95;0;5;0;65
67;154;Metal sheets;KY125304H;185.07.00;piece;20;piece;1000;;2000.00.00;1.25;;Kylmävalssattu Hiottu RST levy 1.25x1000x2000mm;"Materiaali: Kylmävalssattu HiottuRST AISI304 + kalvo

Koko: 1000x2000mm

Paksuus: 1.25mm";"Materiaali: Kylmävalssattu HiottuRST AISI304 + kalvo

Koko: 1000x2000mm

Paksuus: 1.25mm

Paino: 20kg/kpl

Käyttö esim. julkisivut, hissit2G = Kylmävalssattu ja hiottu";https://www.cronvall.fi/WebRoot/Cronvall/Shops/CronvallShop/5E62/12E5/60B9/E412/FB22/0A28/105F/51D2/RST-levy-cronvall_s.jpg;https://www.cronvall.fi/WebRoot/Cronvall/Shops/CronvallShop/5E62/12E5/60B9/E412/FB22/0A28/105F/51D2/RST-levy-cronvall_m.jpg;Non-rusting steel;4.10;1.20;1.03;0;95;0;5;0;65
68;155;Metal sheets;KY125304JH;287.09.00;piece;31;piece;1250;;2500.00.00;1.25;;Kylmävalssattu Hiottu RST levy 1.25x1250x2500mm;"Materiaali: Kylmävalssattu HiottuRST AISI304 + kalvo

Koko: 1250x2500mm

Paksuus: 1.25mm";"Materiaali: Kylmävalssattu hiottu RST AISI304 + kalvo

Koko: 1250x2500mm

Paksuus: 1.25mm

Paino: 31kg/kpl

Käyttö esim. julkisivut, hissit

2G = Kylmävalssattu ja hiottu";https://www.cronvall.fi/WebRoot/Cronvall/Shops/CronvallShop/5E62/12E5/76B6/E9A8/9C9C/0A28/105F/51AC/RST-levy-cronvall_s.jpg;https://www.cronvall.fi/WebRoot/Cronvall/Shops/CronvallShop/5E62/12E5/76B6/E9A8/9C9C/0A28/105F/51AC/RST-levy-cronvall_m.jpg;Non-rusting steel;4.10;1.20;1.03;0;95;0;5;0;65
69;156;Metal sheets;KY125304MH;417.09.00;piece;45;piece;1500;;3000.00.00;1.25;;Kylmävalssattu Hiottu RST levy 1.25x1500x3000mm;"Materiaali: Kylmävalssattu HiottuRST AISI304 + kalvo

Koko: 1500x3000mm

Paksuus: 1.25mm";"Materiaali: Kylmävalssattu Hiottu RST AISI304 + kalvo

Koko: 1500x3000mm

Paksuus: 1.25mm

Paino: 45kg/kpl

Käyttö esim. julkisivut, hissit2G = Kylmävalssattu ja hiottu";https://www.cronvall.fi/WebRoot/Cronvall/Shops/CronvallShop/5E62/12E5/A611/D9BF/0E8B/0A28/105F/5143/RST-levy-cronvall_s.jpg;https://www.cronvall.fi/WebRoot/Cronvall/Shops/CronvallShop/5E62/12E5/A611/D9BF/0E8B/0A28/105F/5143/RST-levy-cronvall_m.jpg;Non-rusting steel;4.10;1.20;1.03;0;95;0;5;0;65
70;157;Metal sheets;KY15304JH;352.09.00;piece;38;piece;1250;;2500.00.00;1.05;;Kylmävalssattu Hiottu RST levy 1.5x1250x2500mm;"Materiaali: Kylmävalssattu HiottuRST AISI304 + kalvo

Koko: 1250x2500mm

Paksuus: 1.5mm";"Materiaali: Kylmävalssattu hiottu RST AISI304 + kalvo

Koko: 1250x2500mm

Paksuus: 1.5mm

Paino: 38kg/kpl

Käyttö esim. julkisivut, hissit2G = Kylmävalssattu ja hiottu";https://www.cronvall.fi/WebRoot/Cronvall/Shops/CronvallShop/5E62/2C7B/8D3B/4905/1D5B/0A28/105F/C9EB/RST-levy-cronvall_s.jpg;https://www.cronvall.fi/WebRoot/Cronvall/Shops/CronvallShop/5E62/2C7B/8D3B/4905/1D5B/0A28/105F/C9EB/RST-levy-cronvall_m.jpg;Non-rusting steel;4.10;1.20;1.03;0;95;0;5;0;65
71;158;Metal sheets;KY15304MH;501.04.00;piece;54;piece;1500;;3000.00.00;1.05;;Kylmävalssattu Hiottu RST levy 1.5x1500x3000mm;"Materiaali: Kylmävalssattu HiottuRST AISI304 + kalvo

Koko: 1500x3000mm

Paksuus: 1.5mm";"Materiaali: Kylmävalssattu Hiottu RST AISI304 + kalvo

Koko: 1500x3000mm

Paksuus: 1.5mm

Paino: 54kg/kpl

Käyttö esim. julkisivut, hissit2G = Kylmävalssattu ja hiottu";https://www.cronvall.fi/WebRoot/Cronvall/Shops/CronvallShop/5E62/2C7C/D12B/EBE8/15F3/0A28/105F/C9FE/RST-levy-cronvall_s.jpg;https://www.cronvall.fi/WebRoot/Cronvall/Shops/CronvallShop/5E62/2C7C/D12B/EBE8/15F3/0A28/105F/C9FE/RST-levy-cronvall_m.jpg;Non-rusting steel;4.10;1.20;1.03;0;95;0;5;0;65
72;159;Metal sheets;KY20304H;297.01.00;piece;32;piece;1000;;2000.00.00;2.00;;Kylmävalssattu Hiottu RST levy 2.0x1000x2000mm;"Materiaali: Kylmävalssattu HiottuRST AISI304 + kalvo

Koko: 1000x2000mm

Paksuus: 2.0mm";"Materiaali: Kylmävalssattu HiottuRST AISI304 + kalvo

Koko: 1000x2000mm

Paksuus: 2.0mm

Paino: 32kg/kpl

Käyttö esim. julkisivut, hissit2G = Kylmävalssattu ja hiottu";https://www.cronvall.fi/WebRoot/Cronvall/Shops/CronvallShop/5E62/2EE1/DFFC/9D7F/99B4/0A28/105F/1093/RST-levy-cronvall_s.jpg;https://www.cronvall.fi/WebRoot/Cronvall/Shops/CronvallShop/5E62/2EE1/DFFC/9D7F/99B4/0A28/105F/1093/RST-levy-cronvall_m.jpg;Non-rusting steel;4.10;1.20;1.03;0;95;0;5;0;65
73;160;Metal sheets;KY20304MH;668.06.00;piece;72;piece;1500;;3000.00.00;2.00;;Kylmävalssattu Hiottu RST levy 2.0x1500x3000mm;"Materiaali: Kylmävalssattu HiottuRST AISI304 + kalvo

Koko: 1500x3000mm

Paksuus: 2.0mm";"Materiaali: Kylmävalssattu Hiottu RST AISI304 + kalvo

Koko: 1500x3000mm

Paksuus: 2.0mm

Paino: 72kg/kpl

Käyttö esim. julkisivut, hissit2G = Kylmävalssattu ja hiottu";https://www.cronvall.fi/WebRoot/Cronvall/Shops/CronvallShop/5E62/2EE1/60F5/770F/F094/0A28/105F/1003/RST-levy-cronvall_s.jpg;https://www.cronvall.fi/WebRoot/Cronvall/Shops/CronvallShop/5E62/2EE1/60F5/770F/F094/0A28/105F/1003/RST-levy-cronvall_m.jpg;Non-rusting steel;4.10;1.20;1.03;0;95;0;5;0;65
74;161;Metal sheets;KY30304JH;696.04.00;piece;75;piece;1250;;2500.00.00;3.00;;Kylmävalssattu Hiottu RST levy 3.0x1250x2500mm;"Materiaali: Kylmävalssattu HiottuRST AISI304 + kalvo

Koko: 1250x2500mm

Paksuus: 3.0mm";"Materiaali: Kylmävalssattu hiottu RST AISI304 + kalvo

Koko: 1250x2500mm

Paksuus: 3.0mm

Paino: 75kg/kpl

Käyttö esim. julkisivut, hissit2G = Kylmävalssattu ja hiottu";https://www.cronvall.fi/WebRoot/Cronvall/Shops/CronvallShop/5E62/3280/7755/8716/1AB1/0A28/105F/4E21/RST-levy-cronvall_s.jpg;https://www.cronvall.fi/WebRoot/Cronvall/Shops/CronvallShop/5E62/3280/7755/8716/1AB1/0A28/105F/4E21/RST-levy-cronvall_m.jpg;Non-rusting steel;4.10;1.20;1.03;0;95;0;5;0;65
75;162;Metal sheets;KY40304MH;1337.01.00;piece;144;piece;1500;;3000.00.00;4.00;;Kylmävalssattu Hiottu RST levy 4.0x1500x3000mm;"Materiaali: Kylmävalssattu HiottuRST AISI304 + kalvo

Koko: 1500x3000mm

Paksuus: 4.0mm";"Materiaali: Kylmävalssattu Hiottu RST AISI304 + kalvo

Koko: 1500x3000mm

Paksuus: 4.0mm

Paino: 144kg/kpl

Käyttö esim. julkisivut, hissit2G = Kylmävalssattu ja hiottu";https://www.cronvall.fi/WebRoot/Cronvall/Shops/CronvallShop/5E62/34BB/9107/ACBB/99CF/0A28/105F/DFAD/RST-levy-cronvall_s.jpg;https://www.cronvall.fi/WebRoot/Cronvall/Shops/CronvallShop/5E62/34BB/9107/ACBB/99CF/0A28/105F/DFAD/RST-levy-cronvall_m.jpg;Non-rusting steel;4.10;1.20;1.03;0;95;0;5;0;65
76;163;Metal sheets;500640;448.03.00;piece;20;piece;1250;;2500.00.00;0.08;;Peilihiottu RST levy 0.8x1250x2500mm;"Materiaali: RST AISI304

Koko: 1250x2500mm

Paksuus: 0.8mm";"Peilihiottu: 2R

Materiaali: RST AISI304

Koko: 1250x2500mm

Paksuus: 0.8mm

Paino: 20kg/kpl

Vain yksi puoli levystä on peilihiottu ja päällä suojakalvo. Suosittelemme leikkaamaan laserilla poistamatta kalvoa.

Käyttö esim. julkisivut, hissit, kaupat jne.";https://www.cronvall.fi/WebRoot/Cronvall/Shops/CronvallShop/5DF9/E7D0/30D8/FEEC/2390/0A28/104A/FC78/Peilihiotut-RST-levyt-2R_s.png;https://www.cronvall.fi/WebRoot/Cronvall/Shops/CronvallShop/5DF9/E7D0/30D8/FEEC/2390/0A28/104A/FC78/Peilihiotut-RST-levyt-2R_m.png;Non-rusting steel;4.10;1.20;1.03;0;95;0;5;0;65
77;164;Metal sheets;500650;715.05.00;piece;45;piece;1250;;3000.00.00;1.05;;Peilihiottu RST levy 1.5x1250x3000mm;"Materiaali: RST AISI304

Koko: 1250x3000mm

Paksuus: 1.5mm";"Peilihiottu: 2R

Materiaali: RST AISI304

Koko: 1250x3000mm

Paksuus: 1.5mm

Paino: 45kg/kpl

Vain yksi puoli levystä on peilihiottu ja päällä suojakalvo. Suosittelemme leikkaamaan laserilla poistamatta kalvoa.

Käyttö esim. julkisivut, hissit, kaupat jne.";https://www.cronvall.fi/WebRoot/Cronvall/Shops/CronvallShop/5DF9/E8D4/40D6/CB43/D837/0A28/104A/10FB/Peilihiotut-RST-levyt-2R_s.png;https://www.cronvall.fi/WebRoot/Cronvall/Shops/CronvallShop/5DF9/E8D4/40D6/CB43/D837/0A28/104A/10FB/Peilihiotut-RST-levyt-2R_m.png;Non-rusting steel;4.10;1.20;1.03;0;95;0;5;0;65
78;165;Metal sheets;500645;498.03.00;piece;30;piece;1250;;3000.00.00;1;;Peilihiottu RST levy 1x1250x3000mm;"Materiaali: RST AISI304

Koko: 1250x3000mm

Paksuus: 1.0mm";"Peilihiottu: 2R

Materiaali: RST AISI304

Koko: 1250x3000mm

Paksuus: 1.0mm

Paino: 30kg/kpl

Vain yksi puoli levystä on peilihiottu ja päällä suojakalvo. Suosittelemme leikkaamaan laserilla poistamatta kalvoa.

Käyttö esim. julkisivut, hissit, kaupat jne.";https://www.cronvall.fi/WebRoot/Cronvall/Shops/CronvallShop/5DF9/E81F/B030/30DC/B01A/0A28/104A/1064/Peilihiotut-RST-levyt-2R_s.png;https://www.cronvall.fi/WebRoot/Cronvall/Shops/CronvallShop/5DF9/E81F/B030/30DC/B01A/0A28/104A/1064/Peilihiotut-RST-levyt-2R_m.png;Non-rusting steel;4.10;1.20;1.03;0;95;0;5;0;65
79;166;Metal sheets;500660;998.03.00;piece;60;piece;1250;;3000.00.00;2;;Peilihiottu RST levy 2x1250x3000mm;"Materiaali: RST AISI304

Koko: 1250x3000mm

Paksuus: 2.0mm";"Peilihiottu: 2R

Materiaali: RST AISI304

Koko: 1250x3000mm

Paksuus: 2.0mm

Paino: 60kg/kpl

Vain yksi puoli levystä on peilihiottu ja päällä suojakalvo. Suosittelemme leikkaamaan laserilla poistamatta kalvoa.

Käyttö esim. julkisivut, hissit, kaupat jne.";https://www.cronvall.fi/WebRoot/Cronvall/Shops/CronvallShop/5DF9/E92E/B491/3535/9AA2/0A28/104A/10C9/Peilihiotut-RST-levyt-2R_s.png;https://www.cronvall.fi/WebRoot/Cronvall/Shops/CronvallShop/5DF9/E92E/B491/3535/9AA2/0A28/104A/10C9/Peilihiotut-RST-levyt-2R_m.png;Non-rusting steel;4.10;1.20;1.03;0;95;0;5;0;65
80;185;Metal sheets;2201151002;36.06.00;piece;12.05;piece;1250;;2500.00.00;0.05;;Kuumasinkitty teräslevy 0.5x1250x2500mm DX51D+Z275MAC;"Kuumasinkitty teräslevy

0.5x1250x2500mm

Paino 12.5kg/kpl

";"Kuumasinkitty teräslevy

0.5x1250x2500mm

Paino 12.5kg/kpl

Runsas sinkin määrä275g/m2

Kuumasinkitty arkki laadussa DX51D+Z275MAC. Mittastandardi EN 10143 ja ainesatandardi EN 10346.";https://www.cronvall.fi/WebRoot/Cronvall/Shops/CronvallShop/6278/BFF1/F657/8B39/50C7/0A28/105F/4A50/sinkitty-teraeslevy_s.jpg;https://www.cronvall.fi/WebRoot/Cronvall/Shops/CronvallShop/6278/BFF1/F657/8B39/50C7/0A28/105F/4A50/sinkitty-teraeslevy_m.jpg;Galvanized steel;3.10;1.20;1.05;8;90;0;2;0;20
81;186;Metal sheets;2201151000;28.08.00;piece;9.06;piece;1000;;2000.00.00;0.06;;Kuumasinkitty teräslevy 0.6x1000x2000mm DX51D+Z275MAC;"Kuumasinkitty teräslevy

0.6x1000x2000mm

Paino 9.6kg/kpl

";"Kuumasinkitty teräslevy

0.6x1000x2000mm

Paino 9.6kg/kpl

Runsas sinkin määrä275g/m2

Kuumasinkitty arkki laadussa DX51D+Z275MAC. Mittastandardi EN 10143 ja ainesatandardi EN 10346.";https://www.cronvall.fi/WebRoot/Cronvall/Shops/CronvallShop/6278/BFF1/F657/8B39/50C7/0A28/105F/4A50/sinkitty-teraeslevy_s.jpg;https://www.cronvall.fi/WebRoot/Cronvall/Shops/CronvallShop/6278/BFF1/F657/8B39/50C7/0A28/105F/4A50/sinkitty-teraeslevy_m.jpg;Galvanized steel;3.10;1.20;1.05;8;90;0;2;0;20
82;187;Metal sheets;2201151003;43.09.00;piece;15;piece;1250;;2500.00.00;0.06;;Kuumasinkitty teräslevy 0.6x1250x2500mm DX51D+Z275MAC;"Kuumasinkitty teräslevy

0.6x1250x2500mm

Paino 15kg/kpl

";"Kuumasinkitty teräslevy

0.6x1250x2500mm

Paino 15kg/kpl

Runsas sinkin määrä275g/m2

Kuumasinkitty arkki laadussa DX51D+Z275MAC. Mittastandardi EN 10143 ja ainesatandardi EN 10346.";https://www.cronvall.fi/WebRoot/Cronvall/Shops/CronvallShop/6278/BFF1/F657/8B39/50C7/0A28/105F/4A50/sinkitty-teraeslevy_s.jpg;https://www.cronvall.fi/WebRoot/Cronvall/Shops/CronvallShop/6278/BFF1/F657/8B39/50C7/0A28/105F/4A50/sinkitty-teraeslevy_m.jpg;Galvanized steel;3.10;1.20;1.05;8;90;0;2;0;20
83;188;Metal sheets;2201151171;35.01.00;piece;12;piece;1000;;2000.00.00;0,052083333;;Kuumasinkitty teräslevy 0.75x1000x2000mm DX51D+Z275MAC;"Kuumasinkitty teräslevy

0.75x1000x2000mm

Paino 12kg/kpl

";"Kuumasinkitty teräslevy

0.75x1000x2000mm

Paino 12kg/kpl

Runsas sinkin määrä275g/m2

Kuumasinkitty arkki laadussa DX51D+Z275MAC. Mittastandardi EN 10143 ja ainesatandardi EN 10346.";https://www.cronvall.fi/WebRoot/Cronvall/Shops/CronvallShop/6278/BFF1/F657/8B39/50C7/0A28/105F/4A50/sinkitty-teraeslevy_s.jpg;https://www.cronvall.fi/WebRoot/Cronvall/Shops/CronvallShop/6278/BFF1/F657/8B39/50C7/0A28/105F/4A50/sinkitty-teraeslevy_m.jpg;Galvanized steel;3.10;1.20;1.05;8;90;0;2;0;20
84;189;Metal sheets;2201151100;54.09.00;piece;0,802083333;piece;1250;;2500.00.00;0,052083333;;Kuumasinkitty teräslevy 0.75x1250x2500mm DX51D+Z275MAC;"Kuumasinkitty teräslevy

0.75x1250x2500mm

Paino 18.75kg/kpl

";"Kuumasinkitty teräslevy

0.75x1250x2500mm

Paino 18.75kg/kpl

Runsas sinkin määrä275g/m2

Kuumasinkitty arkki laadussa DX51D+Z275MAC. Mittastandardi EN 10143 ja ainesatandardi EN 10346.";https://www.cronvall.fi/WebRoot/Cronvall/Shops/CronvallShop/6278/BFF1/F657/8B39/50C7/0A28/105F/4A50/sinkitty-teraeslevy_s.jpg;https://www.cronvall.fi/WebRoot/Cronvall/Shops/CronvallShop/6278/BFF1/F657/8B39/50C7/0A28/105F/4A50/sinkitty-teraeslevy_m.jpg;Galvanized steel;3.10;1.20;1.05;8;90;0;2;0;20
85;190;Metal sheets;2201151172;100.03.00;piece;27;piece;1500;;3000.00.00;0,052083333;;Kuumasinkitty teräslevy 0.75x1500x3000mm DX51D+Z275MAC;"Kuumasinkitty teräslevy

0.75x1500x3000mm

Paino 27kg/kpl

";"Kuumasinkitty teräslevy

0.75x1500x3000mm

Paino 27kg/kpl

Runsas sinkin määrä275g/m2

Kuumasinkitty arkki laadussa DX51D+Z275MAC. Mittastandardi EN 10143 ja ainesatandardi EN 10346.";https://www.cronvall.fi/WebRoot/Cronvall/Shops/CronvallShop/6278/BFF1/F657/8B39/50C7/0A28/105F/4A50/sinkitty-teraeslevy_s.jpg;https://www.cronvall.fi/WebRoot/Cronvall/Shops/CronvallShop/6278/BFF1/F657/8B39/50C7/0A28/105F/4A50/sinkitty-teraeslevy_m.jpg;Galvanized steel;3.10;1.20;1.05;8;90;0;2;0;20
86;191;Metal sheets;2201151085;33.06.00;piece;11.02;piece;1000;;2000.00.00;0.07;;Kuumasinkitty teräslevy 0.7x1000x2000mm DX51D+Z275MAC;"Kuumasinkitty teräslevy

0.7x1000x2000mm

Paino 11.2kg/kpl

";"Kuumasinkitty teräslevy

0.7x1000x2000mm

Paino 11.2kg/kpl

Runsas sinkin määrä275g/m2

Kuumasinkitty arkki laadussa DX51D+Z275MAC. Mittastandardi EN 10143 ja ainesatandardi EN 10346.";https://www.cronvall.fi/WebRoot/Cronvall/Shops/CronvallShop/6278/BFF1/F657/8B39/50C7/0A28/105F/4A50/sinkitty-teraeslevy_s.jpg;https://www.cronvall.fi/WebRoot/Cronvall/Shops/CronvallShop/6278/BFF1/F657/8B39/50C7/0A28/105F/4A50/sinkitty-teraeslevy_m.jpg;Galvanized steel;3.10;1.20;1.05;8;90;0;2;0;20
87;192;Metal sheets;2201151170;51.02.00;piece;17.05;piece;1250;;2500.00.00;0.07;;Kuumasinkitty teräslevy 0.7x1250x2500mm DX51D+Z275MAC;"Kuumasinkitty teräslevy

0.7x1250x2500mm

Paino 17.5kg/kpl

";"Kuumasinkitty teräslevy

0.7x1250x2500mm

Paino 17.5kg/kpl

Runsas sinkin määrä275g/m2

Kuumasinkitty arkki laadussa DX51D+Z275MAC. Mittastandardi EN 10143 ja ainesatandardi EN 10346.";https://www.cronvall.fi/WebRoot/Cronvall/Shops/CronvallShop/6278/BFF1/F657/8B39/50C7/0A28/105F/4A50/sinkitty-teraeslevy_s.jpg;https://www.cronvall.fi/WebRoot/Cronvall/Shops/CronvallShop/6278/BFF1/F657/8B39/50C7/0A28/105F/4A50/sinkitty-teraeslevy_m.jpg;Galvanized steel;3.10;1.20;1.05;8;90;0;2;0;20
88;193;Metal sheets;2201151180;93.06.00;piece;25.02.00;piece;1500;;3000.00.00;0.07;;Kuumasinkitty teräslevy 0.7x1500x3000mm DX51D+Z275MAC;"Kuumasinkitty teräslevy

0.7x1500x3000mm

Paino 25.2kg/kpl

";"Kuumasinkitty teräslevy

0.7x1500x3000mm

Paino 25.2kg/kpl

Runsas sinkin määrä275g/m2

Kuumasinkitty arkki laadussa DX51D+Z275MAC. Mittastandardi EN 10143 ja ainesatandardi EN 10346.";https://www.cronvall.fi/WebRoot/Cronvall/Shops/CronvallShop/6278/BFF1/F657/8B39/50C7/0A28/105F/4A50/sinkitty-teraeslevy_s.jpg;https://www.cronvall.fi/WebRoot/Cronvall/Shops/CronvallShop/6278/BFF1/F657/8B39/50C7/0A28/105F/4A50/sinkitty-teraeslevy_m.jpg;Galvanized steel;3.10;1.20;1.05;8;90;0;2;0;20
89;194;Metal sheets;2201151340;46.09.00;piece;16;piece;1000;;2000.00.00;1.00;;Kuumasinkitty teräslevy 1.0x1000x2000mm DX51D+Z275MAC;"Kuumasinkitty teräslevy

1.0x1000x2000mm

Paino 16kg/kpl

";"Kuumasinkitty teräslevy

1.0x1000x2000mm

Paino 16kg/kpl

Runsas sinkin määrä275g/m2

Kuumasinkitty arkki laadussa DX51D+Z275MAC. Mittastandardi EN 10143 ja ainesatandardi EN 10346.";https://www.cronvall.fi/WebRoot/Cronvall/Shops/CronvallShop/6278/BFF1/F657/8B39/50C7/0A28/105F/4A50/sinkitty-teraeslevy_s.jpg;https://www.cronvall.fi/WebRoot/Cronvall/Shops/CronvallShop/6278/BFF1/F657/8B39/50C7/0A28/105F/4A50/sinkitty-teraeslevy_m.jpg;Galvanized steel;3.10;1.20;1.05;8;90;0;2;0;20
90;195;Metal sheets;2201151425;73.02.00;piece;25;piece;1250;;2500.00.00;1.00;;Kuumasinkitty teräslevy 1.0x1250x2500mm DX51D+Z275MAC;"Kuumasinkitty teräslevy

1.0x1250x2500mm

Paino 25kg/kpl

";"Kuumasinkitty teräslevy

1.0x1250x2500mm

Paino 25kg/kpl

Runsas sinkin määrä275g/m2

Kuumasinkitty arkki laadussa DX51D+Z275MAC. Mittastandardi EN 10143 ja ainesatandardi EN 10346.";https://www.cronvall.fi/WebRoot/Cronvall/Shops/CronvallShop/6278/BFF1/F657/8B39/50C7/0A28/105F/4A50/sinkitty-teraeslevy_s.jpg;https://www.cronvall.fi/WebRoot/Cronvall/Shops/CronvallShop/6278/BFF1/F657/8B39/50C7/0A28/105F/4A50/sinkitty-teraeslevy_m.jpg;Galvanized steel;3.10;1.20;1.05;8;90;0;2;0;20
91;196;Metal sheets;2201151510;133.07.00;piece;36;piece;1500;;3000.00.00;1.00;;Kuumasinkitty teräslevy 1.0x1500x3000mm DX51D+Z275MAC;"Kuumasinkitty teräslevy

1.0x1500x3000mm

Paino 36kg/kpl

";"Kuumasinkitty teräslevy

1.0x1500x3000mm

Paino 36kg/kpl

Runsas sinkin määrä275g/m2

Kuumasinkitty arkki laadussa DX51D+Z275MAC. Mittastandardi EN 10143 ja ainesatandardi EN 10346.";https://www.cronvall.fi/WebRoot/Cronvall/Shops/CronvallShop/6278/BFF1/F657/8B39/50C7/0A28/105F/4A50/sinkitty-teraeslevy_s.jpg;https://www.cronvall.fi/WebRoot/Cronvall/Shops/CronvallShop/6278/BFF1/F657/8B39/50C7/0A28/105F/4A50/sinkitty-teraeslevy_m.jpg;Galvanized steel;3.10;1.20;1.05;8;90;0;2;0;20
92;197;Metal sheets;2201151595;58.06.00;piece;20;piece;1000;;2000.00.00;1.25;;Kuumasinkitty teräslevy 1.25x1000x2000mm DX51D+Z275MAC;"Kuumasinkitty teräslevy

1.25x1000x2000mm

Paino 20kg/kpl

";"Kuumasinkitty teräslevy

125x1000x2000mm

Paino 20kg/kpl

Runsas sinkin määrä275g/m2

Kuumasinkitty arkki laadussa DX51D+Z275MAC. Mittastandardi EN 10143 ja ainesatandardi EN 10346.";https://www.cronvall.fi/WebRoot/Cronvall/Shops/CronvallShop/6278/BFF1/F657/8B39/50C7/0A28/105F/4A50/sinkitty-teraeslevy_s.jpg;https://www.cronvall.fi/WebRoot/Cronvall/Shops/CronvallShop/6278/BFF1/F657/8B39/50C7/0A28/105F/4A50/sinkitty-teraeslevy_m.jpg;Galvanized steel;3.10;1.20;1.05;8;90;0;2;0;20
93;198;Metal sheets;2201151680;80.04.00;piece;31.25.00;piece;1250;;2500.00.00;1.25;;Kuumasinkitty teräslevy 1.25x1250x2500mm DX51D+Z275MAC;"Kuumasinkitty teräslevy

1.25x1250x2500mm

Paino 31.25kg/kpl

";"Kuumasinkitty teräslevy

125x1250x2500mm

Paino 31.25kg/kpl

Runsas sinkin määrä275g/m2

Kuumasinkitty arkki laadussa DX51D+Z275MAC. Mittastandardi EN 10143 ja ainesatandardi EN 10346.";https://www.cronvall.fi/WebRoot/Cronvall/Shops/CronvallShop/6278/BFF1/F657/8B39/50C7/0A28/105F/4A50/sinkitty-teraeslevy_s.jpg;https://www.cronvall.fi/WebRoot/Cronvall/Shops/CronvallShop/6278/BFF1/F657/8B39/50C7/0A28/105F/4A50/sinkitty-teraeslevy_m.jpg;Galvanized steel;3.10;1.20;1.05;8;90;0;2;0;20
94;199;Metal sheets;2201151765;167.01.00;piece;45;piece;1500;;3000.00.00;1.25;;Kuumasinkitty teräslevy 1.25x1500x3000mm DX51D+Z275MAC;"Kuumasinkitty teräslevy

1.25x1500x3000mm

Paino 45kg/kpl

";"Kuumasinkitty teräslevy

125x1500x3000mm

Paino 45kg/kpl

Runsas sinkin määrä275g/m2

Kuumasinkitty arkki laadussa DX51D+Z275MAC. Mittastandardi EN 10143 ja ainesatandardi EN 10346.";https://www.cronvall.fi/WebRoot/Cronvall/Shops/CronvallShop/6278/BFF1/F657/8B39/50C7/0A28/105F/4A50/sinkitty-teraeslevy_s.jpg;https://www.cronvall.fi/WebRoot/Cronvall/Shops/CronvallShop/6278/BFF1/F657/8B39/50C7/0A28/105F/4A50/sinkitty-teraeslevy_m.jpg;Galvanized steel;3.10;1.20;1.05;8;90;0;2;0;20
95;200;Metal sheets;2201151850;70.03.00;piece;24;piece;1000;;2000.00.00;1.05;;Kuumasinkitty teräslevy 1.5x1000x2000mm DX51D+Z275MAC;"Kuumasinkitty teräslevy

1.5x1000x2000mm

Paino 24kg/kpl

";"Kuumasinkitty teräslevy

1.5x1000x2000mm

Paino 24kg/kpl

Runsas sinkin määrä275g/m2

Kuumasinkitty arkki laadussa DX51D+Z275MAC. Mittastandardi EN 10143 ja ainesatandardi EN 10346.";https://www.cronvall.fi/WebRoot/Cronvall/Shops/CronvallShop/6278/BFF1/F657/8B39/50C7/0A28/105F/4A50/sinkitty-teraeslevy_s.jpg;https://www.cronvall.fi/WebRoot/Cronvall/Shops/CronvallShop/6278/BFF1/F657/8B39/50C7/0A28/105F/4A50/sinkitty-teraeslevy_m.jpg;Galvanized steel;3.10;1.20;1.05;8;90;0;2;0;20
96;201;Metal sheets;2201151935;144.06.00;piece;37.50.00;piece;1250;;2500.00.00;1.05;;Kuumasinkitty teräslevy 1.5x1250x2500mm DX51D+Z275MAC;"Kuumasinkitty teräslevy

1.5x1250x2500mm

Paino 37.50kg/kpl

";"Kuumasinkitty teräslevy

1.5x1250x2500mm

Paino 37.50kg/kpl

Runsas sinkin määrä275g/m2

Kuumasinkitty arkki laadussa DX51D+Z275MAC. Mittastandardi EN 10143 ja ainesatandardi EN 10346.";https://www.cronvall.fi/WebRoot/Cronvall/Shops/CronvallShop/6278/BFF1/F657/8B39/50C7/0A28/105F/4A50/sinkitty-teraeslevy_s.jpg;https://www.cronvall.fi/WebRoot/Cronvall/Shops/CronvallShop/6278/BFF1/F657/8B39/50C7/0A28/105F/4A50/sinkitty-teraeslevy_m.jpg;Galvanized steel;3.10;1.20;1.05;8;90;0;2;0;20
97;202;Metal sheets;2201152020;200.06.00;piece;54;piece;1500;;3000.00.00;1.05;;Kuumasinkitty teräslevy 1.5x1500x3000mm DX51D+Z275MAC;"Kuumasinkitty teräslevy

1.5x1500x3000mm

Paino 54kg/kpl

";Kuumasinkitty teräslevy  1.5x1500x3000mm  Paino 54kg/kpl  Runsas sinkin määrä275g/m2  Kuumasinkitty arkki laadussa DX51D+Z275MAC. Mittastandardi EN 10143 ja ainesatandardi EN 10346.;https://www.cronvall.fi/WebRoot/Cronvall/Shops/CronvallShop/6278/BFF1/F657/8B39/50C7/0A28/105F/4A50/sinkitty-teraeslevy_s.jpg;https://www.cronvall.fi/WebRoot/Cronvall/Shops/CronvallShop/6278/BFF1/F657/8B39/50C7/0A28/105F/4A50/sinkitty-teraeslevy_m.jpg;Galvanized steel;3.10;1.20;1.05;8;90;0;2;0;20
98;203;Metal sheets;2201152105;93.07.00;piece;32;piece;1000;;2000.00.00;2.00;;Kuumasinkitty teräslevy 2.0x1000x2000mm DX51D+Z275MAC;"Kuumasinkitty teräslevy

2.0x1000x2000mm

Paino 32kg/kpl

";"Kuumasinkitty teräslevy

2.0x1000x2000mm

Paino 32kg/kpl

Runsas sinkin määrä275g/m2

Kuumasinkitty arkki laadussa DX51D+Z275MAC. Mittastandardi EN 10143 ja ainesatandardi EN 10346.";https://www.cronvall.fi/WebRoot/Cronvall/Shops/CronvallShop/6278/BFF1/F657/8B39/50C7/0A28/105F/4A50/sinkitty-teraeslevy_s.jpg;https://www.cronvall.fi/WebRoot/Cronvall/Shops/CronvallShop/6278/BFF1/F657/8B39/50C7/0A28/105F/4A50/sinkitty-teraeslevy_m.jpg;Galvanized steel;3.10;1.20;1.05;8;90;0;2;0;20
99;204;Metal sheets;2201152190;186.04.00;piece;50;piece;1250;;2500.00.00;2.00;;Kuumasinkitty teräslevy 2.0x1250x2500mm DX51D+Z275MAC;"Kuumasinkitty teräslevy

2.0x1250x2500mm

Paino 50kg/kpl

";"Kuumasinkitty teräslevy

2.0x1250x2500mm

Paino 50kg/kpl

Runsas sinkin määrä275g/m2

Kuumasinkitty arkki laadussa DX51D+Z275MAC. Mittastandardi EN 10143 ja ainesatandardi EN 10346.";https://www.cronvall.fi/WebRoot/Cronvall/Shops/CronvallShop/6278/BFF1/F657/8B39/50C7/0A28/105F/4A50/sinkitty-teraeslevy_s.jpg;https://www.cronvall.fi/WebRoot/Cronvall/Shops/CronvallShop/6278/BFF1/F657/8B39/50C7/0A28/105F/4A50/sinkitty-teraeslevy_m.jpg;Galvanized steel;3.10;1.20;1.05;8;90;0;2;0;20
100;205;Metal sheets;2201152360;267.04.00;piece;72;piece;1500;;3000.00.00;2.00;;Kuumasinkitty teräslevy 2.0x1500x3000mm DX51D+Z275MAC;"Kuumasinkitty teräslevy

2.0x1500x3000mm

Paino 72kg/kpl

";"Kuumasinkitty teräslevy

2.0x1500x3000mm

Paino 72kg/kpl

Runsas sinkin määrä275g/m2

Kuumasinkitty arkki laadussa DX51D+Z275MAC. Mittastandardi EN 10143 ja ainesatandardi EN 10346.";https://www.cronvall.fi/WebRoot/Cronvall/Shops/CronvallShop/6278/BFF1/F657/8B39/50C7/0A28/105F/4A50/sinkitty-teraeslevy_s.jpg;https://www.cronvall.fi/WebRoot/Cronvall/Shops/CronvallShop/6278/BFF1/F657/8B39/50C7/0A28/105F/4A50/sinkitty-teraeslevy_m.jpg;Galvanized steel;3.10;1.20;1.05;8;90;0;2;0;20
101;206;Metal sheets;2201152361;117.01.00;piece;40;piece;1000;;2000.00.00;2.05;;Kuumasinkitty teräslevy 2.5x1000x2000mm DX51D+Z275MAC;"Kuumasinkitty teräslevy

2.5x1000x2000mm

Paino 40kg/kpl

";"Kuumasinkitty teräslevy

2.5x1000x2000mm

Paino 40kg/kpl

Runsas sinkin määrä275g/m2

Kuumasinkitty arkki laadussa DX51D+Z275MAC. Mittastandardi EN 10143 ja ainesatandardi EN 10346.";https://www.cronvall.fi/WebRoot/Cronvall/Shops/CronvallShop/6278/BFF1/F657/8B39/50C7/0A28/105F/4A50/sinkitty-teraeslevy_s.jpg;https://www.cronvall.fi/WebRoot/Cronvall/Shops/CronvallShop/6278/BFF1/F657/8B39/50C7/0A28/105F/4A50/sinkitty-teraeslevy_m.jpg;Galvanized steel;3.10;1.20;1.05;8;90;0;2;0;20
102;207;Metal sheets;2201152400;232.01.00;piece;62.05.00;piece;1250;;2500.00.00;2.05;;Kuumasinkitty teräslevy 2.5x1250x2500mm DX51D+Z275MAC;"Kuumasinkitty teräslevy

2.5x1250x2500mm

Paino 62.5kg/kpl

";"Kuumasinkitty teräslevy

2.5x1250x2500mm

Paino 62.5kg/kpl

Runsas sinkin määrä275g/m2

Kuumasinkitty arkki laadussa DX51D+Z275MAC. Mittastandardi EN 10143 ja ainesatandardi EN 10346.";https://www.cronvall.fi/WebRoot/Cronvall/Shops/CronvallShop/6278/BFF1/F657/8B39/50C7/0A28/105F/4A50/sinkitty-teraeslevy_s.jpg;https://www.cronvall.fi/WebRoot/Cronvall/Shops/CronvallShop/6278/BFF1/F657/8B39/50C7/0A28/105F/4A50/sinkitty-teraeslevy_m.jpg;Galvanized steel;3.10;1.20;1.05;8;90;0;2;0;20
103;208;Metal sheets;2201152401;334.03.00;piece;90;piece;1500;;3000.00.00;2.05;;Kuumasinkitty teräslevy 2.5x1500x3000mm DX51D+Z275MAC;"Kuumasinkitty teräslevy

2.5x1500x3000mm

Paino 90kg/kpl

";"Kuumasinkitty teräslevy

2.5x1500x3000mm

Paino 90kg/kpl

Runsas sinkin määrä275g/m2

Kuumasinkitty arkki laadussa DX51D+Z275MAC. Mittastandardi EN 10143 ja ainesatandardi EN 10346.";https://www.cronvall.fi/WebRoot/Cronvall/Shops/CronvallShop/6278/BFF1/F657/8B39/50C7/0A28/105F/4A50/sinkitty-teraeslevy_s.jpg;https://www.cronvall.fi/WebRoot/Cronvall/Shops/CronvallShop/6278/BFF1/F657/8B39/50C7/0A28/105F/4A50/sinkitty-teraeslevy_m.jpg;Galvanized steel;3.10;1.20;1.05;8;90;0;2;0;20
104;209;Metal sheets;2201152445;140.06.00;piece;48;piece;1000;;2000.00.00;3.00;;Kuumasinkitty teräslevy 3.0x1000x2000mm DX51D+Z275MAC;"Kuumasinkitty teräslevy

3.0x1000x2000mm

Paino 48kg/kpl

";"Kuumasinkitty teräslevy

3.0x1000x2000mm

Paino 48kg/kpl

Runsas sinkin määrä275g/m2

Kuumasinkitty arkki laadussa DX51D+Z275MAC. Mittastandardi EN 10143 ja ainesatandardi EN 10346.";https://www.cronvall.fi/WebRoot/Cronvall/Shops/CronvallShop/6278/BFF1/F657/8B39/50C7/0A28/105F/4A50/sinkitty-teraeslevy_s.jpg;https://www.cronvall.fi/WebRoot/Cronvall/Shops/CronvallShop/6278/BFF1/F657/8B39/50C7/0A28/105F/4A50/sinkitty-teraeslevy_m.jpg;Galvanized steel;3.10;1.20;1.05;8;90;0;2;0;20
105;210;Metal sheets;2201152615;278.06.00;piece;75;piece;1250;;2500.00.00;3.00;;Kuumasinkitty teräslevy 3.0x1250x2500mm DX51D+Z275MAC;"Kuumasinkitty teräslevy

3.0x1250x2500mm

Paino 75kg/kpl

";"Kuumasinkitty teräslevy

3.0x1250x2500mm

Paino 75kg/kpl

Runsas sinkin määrä275g/m2

Kuumasinkitty arkki laadussa DX51D+Z275MAC. Mittastandardi EN 10143 ja ainesatandardi EN 10346.";https://www.cronvall.fi/WebRoot/Cronvall/Shops/CronvallShop/6278/BFF1/F657/8B39/50C7/0A28/105F/4A50/sinkitty-teraeslevy_s.jpg;https://www.cronvall.fi/WebRoot/Cronvall/Shops/CronvallShop/6278/BFF1/F657/8B39/50C7/0A28/105F/4A50/sinkitty-teraeslevy_m.jpg;Galvanized steel;3.10;1.20;1.05;8;90;0;2;0;20
106;211;Metal sheets;2201152700;374.09.00;piece;108;piece;1500;;3000.00.00;3.00;;Kuumasinkitty teräslevy 3.0x1500x3000mm DX51D+Z275MAC;"Kuumasinkitty teräslevy

3.0x1500x3000mm

Paino 108kg/kpl

";"Kuumasinkitty teräslevy

3.0x1500x3000mm

Paino 108kg/kpl

Runsas sinkin määrä2108g/m2

Kuumasinkitty arkki laadussa DX51D+Z2108MAC. Mittastandardi EN 10143 ja ainesatandardi EN 10346.";https://www.cronvall.fi/WebRoot/Cronvall/Shops/CronvallShop/6278/BFF1/F657/8B39/50C7/0A28/105F/4A50/sinkitty-teraeslevy_s.jpg;https://www.cronvall.fi/WebRoot/Cronvall/Shops/CronvallShop/6278/BFF1/F657/8B39/50C7/0A28/105F/4A50/sinkitty-teraeslevy_m.jpg;Galvanized steel;3.10;1.20;1.05;8;90;0;2;0;20
107;212;Metal sheets;2203401010;60;piece;17.05;piece;1250;;2500.00.00;0.07;;Alumiinisinkitty teräslevy 0.7x1250x2500mm DX51D+AZ150NAC;"Alumiinisinkitty teräslevy

0.7x1250x2500mm

Paino 17.5kg/kpl

";"Kuumasinkitty teräslevy

0.7x1250x2500mm

Paino 17.5kg/kpl

Erinomainen korroosionkestävyys ja sopiva laatu maalaukselle.

Alumiinisinkityt, ainestandardi EN 10346 mukaiset arkit, laadussa DX51D+AZ150NAC";https://www.cronvall.fi/WebRoot/Cronvall/Shops/CronvallShop/6278/BFF1/F657/8B39/50C7/0A28/105F/4A50/sinkitty-teraeslevy_s.jpg;https://www.cronvall.fi/WebRoot/Cronvall/Shops/CronvallShop/6278/BFF1/F657/8B39/50C7/0A28/105F/4A50/sinkitty-teraeslevy_m.jpg;Galvanized steel;3.10;1.20;1.05;8;90;0;2;0;20
108;213;Metal sheets;2203401085;54.06.00;piece;16;piece;1000;;2000.00.00;1.00;;Alumiinisinkitty teräslevy 1.0x1000x2000mm DX51D+AZ150NAC;"Alumiinisinkitty teräslevy

1.0x1000x2000mm

Paino 16kg/kpl

";"Alumiinisinkitty teräslevy

1.0x1000x2000mm

Paino 16kg/kpl

Erinomainen korroosionkestävyys ja sopiva laatu maalaukselle.

Alumiinisinkityt, ainestandardi EN 10346 mukaiset arkit, laadussa DX51D+AZ150NAC";https://www.cronvall.fi/WebRoot/Cronvall/Shops/CronvallShop/6278/BFF1/F657/8B39/50C7/0A28/105F/4A50/sinkitty-teraeslevy_s.jpg;https://www.cronvall.fi/WebRoot/Cronvall/Shops/CronvallShop/6278/BFF1/F657/8B39/50C7/0A28/105F/4A50/sinkitty-teraeslevy_m.jpg;Galvanized steel;3.10;1.20;1.05;8;90;0;2;0;20
109;214;Metal sheets;2203401170;85.07.00;piece;25;piece;1250;;2500.00.00;1.00;;Alumiinisinkitty teräslevy 1.0x1250x2500mm DX51D+AZ150NAC;"Alumiinisinkitty teräslevy

1.0x1250x2500mm

Paino 25kg/kpl

";"Alumiinisinkitty teräslevy

1.0x1250x2500mm

Paino 25kg/kpl

Erinomainen korroosionkestävyys ja sopiva laatu maalaukselle.

Alumiinisinkityt, ainestandardi EN 10346 mukaiset arkit, laadussa DX51D+AZ150NAC";https://www.cronvall.fi/WebRoot/Cronvall/Shops/CronvallShop/6278/BFF1/F657/8B39/50C7/0A28/105F/4A50/sinkitty-teraeslevy_s.jpg;https://www.cronvall.fi/WebRoot/Cronvall/Shops/CronvallShop/6278/BFF1/F657/8B39/50C7/0A28/105F/4A50/sinkitty-teraeslevy_m.jpg;Galvanized steel;3.10;1.20;1.05;8;90;0;2;0;20
110;215;Metal sheets;2203401340;107.01.00;piece;31.25.00;piece;1250;;2500.00.00;1.25;;Alumiinisinkitty teräslevy 1.25x1250x2500mm DX51D+AZ150NAC;"Alumiinisinkitty teräslevy

1.25x1250x2500mm

Paino 31.25kg/kpl

";"Alumiinisinkitty teräslevy

1.25x1250x2500mm

Paino 31.25kg/kpl

Erinomainen korroosionkestävyys ja sopiva laatu maalaukselle.

Alumiinisinkityt, ainestandardi EN 10346 mukaiset arkit, laadussa DX51D+AZ150NAC";https://www.cronvall.fi/WebRoot/Cronvall/Shops/CronvallShop/6278/BFF1/F657/8B39/50C7/0A28/105F/4A50/sinkitty-teraeslevy_s.jpg;https://www.cronvall.fi/WebRoot/Cronvall/Shops/CronvallShop/6278/BFF1/F657/8B39/50C7/0A28/105F/4A50/sinkitty-teraeslevy_m.jpg;Galvanized steel;3.10;1.20;1.05;8;90;0;2;0;20
111;216;Metal sheets;2203401425;82.03.00;piece;24;piece;1000;;2000.00.00;1.05;;Alumiinisinkitty teräslevy 1.5x1000x2000mm DX51D+AZ150NAC;"Alumiinisinkitty teräslevy

1.5x1000x2000mm

Paino 24kg/kpl

";"Alumiinisinkitty teräslevy

1.5x1000x2000mm

Paino 24kg/kpl

Erinomainen korroosionkestävyys ja sopiva laatu maalaukselle.

Alumiinisinkityt, ainestandardi EN 10346 mukaiset arkit, laadussa DX51D+AZ150NAC";https://www.cronvall.fi/WebRoot/Cronvall/Shops/CronvallShop/6278/BFF1/F657/8B39/50C7/0A28/105F/4A50/sinkitty-teraeslevy_s.jpg;https://www.cronvall.fi/WebRoot/Cronvall/Shops/CronvallShop/6278/BFF1/F657/8B39/50C7/0A28/105F/4A50/sinkitty-teraeslevy_m.jpg;Galvanized steel;3.10;1.20;1.05;8;90;0;2;0;20
112;217;Metal sheets;2203401595;128.06.00;piece;37.05.00;piece;1250;;2500.00.00;1.05;;Alumiinisinkitty teräslevy 1.5x1250x2500mm DX51D+AZ150NAC;"Alumiinisinkitty teräslevy

1.5x1250x2500mm

Paino 37.5kg/kpl

";"Alumiinisinkitty teräslevy

1.5x1250x2500mm

Paino 37.5kg/kpl

Erinomainen korroosionkestävyys ja sopiva laatu maalaukselle.

Alumiinisinkityt, ainestandardi EN 10346 mukaiset arkit, laadussa DX51D+AZ150NAC";https://www.cronvall.fi/WebRoot/Cronvall/Shops/CronvallShop/6278/BFF1/F657/8B39/50C7/0A28/105F/4A50/sinkitty-teraeslevy_s.jpg;https://www.cronvall.fi/WebRoot/Cronvall/Shops/CronvallShop/6278/BFF1/F657/8B39/50C7/0A28/105F/4A50/sinkitty-teraeslevy_m.jpg;Galvanized steel;3.10;1.20;1.05;8;90;0;2;0;20
113;218;Metal sheets;2203401680;109.07.00;piece;32;piece;1000;;2000.00.00;2.00;;Alumiinisinkitty teräslevy 2.0x1000x2000mm DX51D+AZ150NAC;"Alumiinisinkitty teräslevy

2.0x1000x2000mm

Paino 32kg/kpl

";"Alumiinisinkitty teräslevy

2.0x1000x2000mm

Paino 32kg/kpl

Erinomainen korroosionkestävyys ja sopiva laatu maalaukselle.

Alumiinisinkityt, ainestandardi EN 10346 mukaiset arkit, laadussa DX51D+AZ150NAC";https://www.cronvall.fi/WebRoot/Cronvall/Shops/CronvallShop/6278/BFF1/F657/8B39/50C7/0A28/105F/4A50/sinkitty-teraeslevy_s.jpg;https://www.cronvall.fi/WebRoot/Cronvall/Shops/CronvallShop/6278/BFF1/F657/8B39/50C7/0A28/105F/4A50/sinkitty-teraeslevy_m.jpg;Galvanized steel;3.10;1.20;1.05;8;90;0;2;0;20
114;219;Metal sheets;2203401765;171.04.00;piece;50;piece;1250;;2500.00.00;2.00;;Alumiinisinkitty teräslevy 2.0x1250x2500mm DX51D+AZ150NAC;"Alumiinisinkitty teräslevy

2.0x1250x2500mm

Paino 50kg/kpl

";"Alumiinisinkitty teräslevy

2.0x1250x2500mm

Paino 50kg/kpl

Erinomainen korroosionkestävyys ja sopiva laatu maalaukselle.

Alumiinisinkityt, ainestandardi EN 10346 mukaiset arkit, laadussa DX51D+AZ150NAC";https://www.cronvall.fi/WebRoot/Cronvall/Shops/CronvallShop/6278/BFF1/F657/8B39/50C7/0A28/105F/4A50/sinkitty-teraeslevy_s.jpg;https://www.cronvall.fi/WebRoot/Cronvall/Shops/CronvallShop/6278/BFF1/F657/8B39/50C7/0A28/105F/4A50/sinkitty-teraeslevy_m.jpg;Galvanized steel;3.10;1.20;1.05;8;90;0;2;0;20
